1,0.447222,-0.00427428,1.44441,0.00412018
2,0.37491,0.00641141,1.20367,0.00446935
3,0.157152,0.00747998,0,0.00477419
4,0.117335,0.00961712,0,0.00474753
5,0.110258,0.00641141,0,0.00454584
6,0.0950575,0.00320571,0,0.00425226
7,0.0874831,0.00213714,0,0.00394463
8,0.106022,0.00534284,0,0.00358928
9,0.0916139,0.00427428,0,0.00328749
10,0.0805087,0.00213714,0,0.00303377
11,0.0605499,0.00213714,0,0.00282887
12,0.0740285,-0.00213714,0,0.00267626
13,0.0434038,0.00213714,0,0.00255304
14,0.0483967,0.00106857,0,0.00237565
15,0.0209503,0.00213714,0,0.0022263
16,0.0157943,0,0,0.00217101
17,-0.00951233,0.00106857,0,0.00209886
18,-0.0148172,0.00213714,0,0.00194928
19,-0.0369632,0.00106857,0,0.00169282
20,-0.0383208,0,0,0.00140327
21,-0.0498815,-0.00213714,-0.240735,0.00114935
22,0.0182413,-0.00213714,0,0.000995854
23,0.0433228,-0.00106857,0,0.00088706
24,0.0865073,-0.00106857,0,0.000864033
25,0.0949375,-0.00106857,0,0.000868264
26,0.182476,-0.00213714,0.48147,0.000859255
27,0.183391,-0.00106857,0.722205,0.000931936
28,0.139464,0.00106857,0.48147,0.00102956
29,0.130403,-0.00106857,0.48147,0.00107537
30,0.144855,-0.00106857,0.722205,0.00108183
31,0.116502,0.00106857,0.48147,0.00107049
32,0.135326,-0.00106857,0.722205,0.00108794
33,0.095912,0.00106857,0.48147,0.00105382
34,0.101896,0,0.48147,0.000950071
35,0.0752903,-0.00213714,0.48147,0.000865601
36,0.0899225,0,0.48147,0.000782417
37,0.0881776,-0.00106857,0.48147,0.000743864
38,0.0894661,-0.00106857,0.48147,0.000729713
39,0.0710587,-0.00106857,0.48147,0.000632936
40,0.0645994,-0.00106857,0.48147,0.00054552
41,0.0755535,-0.00213714,0.48147,0.000514097
42,0.10945,0,0.722205,0.000487664
43,0.0878694,-0.00106857,0.48147,0.000489329
44,0.110924,0,0.722205,0.000522279
45,0.107899,-0.00106857,0.722205,0.000550633
46,0.0917832,0,0.722205,0.00058591
47,0.0580251,-0.00213714,0.48147,0.000535396
48,0.0631191,-0.00106857,0.48147,0.000412115
49,0.0955537,-0.00106857,0.722205,0.000364408
50,0.0539663,-0.00320571,0.48147,0.000344728
51,0.0609127,0,0.48147,0.000268145
52,0.0575875,0,0.48147,0.000206595
53,0.0450136,0.00106857,0.48147,0.000161806
54,0.0678746,0.00106857,0.48147,0.000178626
55,0.0271964,-0.00106857,0.240735,0.000185337
56,0.0282892,-0.00213714,0.240735,8.93757E-005
57,0.0703089,-0.00106857,0.48147,5.61241E-005
58,0.0437132,-0.00213714,0.240735,7.69347E-005
59,0.024962,-0.00213714,0,0.000132936
60,0.106422,-0.00213714,0.48147,0.000186817
61,0.0707726,-0.00213714,0.240735,0.000240392
62,0.072884,0.00106857,0.240735,0.00030402
63,0.0759802,-0.00213714,0.240735,0.000303013
64,0.0504213,-0.00213714,0.240735,0.000240354
65,0.0399465,-0.00213714,0.240735,0.000147147
66,0.0516739,-0.00320571,0.240735,6.77542E-005
67,0.0911289,-0.00213714,0.48147,4.98238E-005
68,0.0877693,-0.00106857,0.48147,0.000112799
69,0.0583107,0,0.240735,0.000223555
70,0.0561921,-0.00213714,0.240735,0.00033091
71,0.0548292,-0.00213714,0.240735,0.0003703
72,0.0391393,-0.00106857,0.240735,0.00035255
73,0.0274259,-0.00213714,0.240735,0.000313702
74,0.0237856,0.00213714,0.240735,0.000260729
75,0.0240716,-0.00106857,0.240735,0.000258309
76,0.0156796,-0.00106857,0.240735,0.000267795
77,0.0463527,-0.00106857,0.48147,0.000253676
78,0.0113986,0,0.240735,0.0002713
79,0.0431593,-0.00213714,0.48147,0.000292748
80,-0.0090752,-0.00213714,0.240735,0.0002958
81,0.0190497,-0.00427428,0.48147,0.00025118
82,-0.025363,-0.00106857,0.240735,0.000170646
83,-0.0229808,-0.00213714,0.240735,6.05443E-005
84,-0.00469868,-0.00213714,0.48147,-0.000107566
85,-0.0263378,-0.00213714,0.240735,-0.000212035
86,-0.0698907,0,0.240735,-0.000286491
87,-0.0438868,-0.00106857,0.240735,-0.000427924
88,-0.0447218,-0.00213714,0.240735,-0.000512459
89,-0.0639379,-0.00534284,0.240735,-0.0005552
90,-0.0545597,-0.00213714,0.240735,-0.000622718
91,-0.0903071,-0.00213714,0,-0.00070876
92,-0.024499,-0.00320571,0.48147,-0.000783933
93,-0.099925,-0.00427428,0,-0.000848719
94,-0.0803676,0,0.240735,-0.00094563
95,-0.103123,-0.00320571,0.240735,-0.00100697
96,-0.0889444,-0.00427428,0.240735,-0.00107044
97,-0.0909548,-0.00106857,0.240735,-0.0011326
98,-0.120147,-0.00534284,0.240735,-0.00122839
99,-0.0975264,-0.00320571,0.240735,-0.00130719
100,-0.106023,-0.00427428,0.240735,-0.00132555
101,-0.114429,-0.00213714,0.240735,-0.00134917
102,-0.0963925,-0.00534284,0.48147,-0.00137609
103,-0.160128,-0.00641141,0,-0.00144184
104,-0.146461,-0.00534284,0.240735,-0.00151918
105,-0.151553,-0.00213714,0.240735,-0.00161302
106,-0.139018,-0.00534284,0.240735,-0.0017333
107,-0.164044,-0.00534284,0.240735,-0.00186059
108,-0.164117,-0.00534284,0.240735,-0.00199984
109,-0.184614,-0.00534284,0.240735,-0.00214018
110,-0.158886,-0.00641141,0.240735,-0.00223299
111,-0.203983,-0.00534284,-0.240735,-0.00231046
112,-0.152481,-0.00534284,0,-0.00238998
113,-0.139532,-0.00961712,0,-0.00244502
114,-0.1352,-0.00641141,0,-0.00244778
115,-0.142055,-0.00534284,-0.240735,-0.00238317
116,-0.118477,-0.00534284,0,-0.00232945
117,-0.110228,-0.00427428,0,-0.00226205
118,-0.0937326,-0.00427428,0,-0.00215362
119,-0.127383,-0.00427428,-0.240735,-0.00204463
120,-0.0912412,-0.00534284,0,-0.00197918
121,-0.120599,-0.00427428,0,-0.0019392
122,-0.115422,-0.00213714,0,-0.00192308
123,-0.130056,-0.00427428,0,-0.0019123
124,-0.230215,-0.00534284,-0.240735,-0.00184992
125,-0.221326,-0.00427428,0,-0.0018981
126,-0.259313,-0.00534284,-0.240735,-0.00197724
127,-0.289146,-0.00641141,-0.48147,-0.00204302
128,-0.286283,-0.00641141,-0.48147,-0.00223824
129,-0.227456,-0.00534284,-0.240735,-0.00245463
130,-0.277904,-0.00854855,-0.722205,-0.00264289
131,-0.227621,-0.00427428,-0.48147,-0.00284542
132,-0.193975,-0.00534284,-0.48147,-0.00294803
133,-0.178792,-0.00534284,-0.48147,-0.00289159
134,-0.167636,-0.00747998,-0.48147,-0.00272267
135,-0.252425,-0.00213714,-1.20367,-0.00253562
136,-0.25241,-0.00534284,-1.20367,-0.00243669
137,-0.266765,-0.00534284,-1.44441,-0.00244832
138,-0.234351,-0.00320571,-1.20367,-0.00243711
139,-0.240951,-0.00427428,-1.20367,-0.002316
140,-0.194212,-0.00320571,-0.96294,-0.00218846
141,-0.236783,-0.00534284,-1.20367,-0.00203162
142,-0.264342,-0.00427428,-1.20367,-0.00196546
143,-0.32198,-0.00427428,-1.68514,-0.00204118
144,-0.328845,-0.00213714,-1.92588,-0.00212807
145,-0.272366,-0.00534284,-1.68514,-0.00224044
146,-0.274592,-0.00320571,-1.68514,-0.00219387
147,-0.314764,-0.00320571,-2.16661,-0.00204176
148,-0.264182,-0.00427428,-1.92588,-0.00197673
149,-0.239644,-0.00534284,-1.92588,-0.00181705
150,-0.251899,-0.00213714,-1.92588,-0.00156109
151,-0.358242,-0.00427428,-2.88882,-0.00141147
152,-0.330475,-0.00320571,-2.88882,-0.00142196
153,-0.30529,-0.00320571,-2.88882,-0.00145029
154,-0.235721,-0.00427428,-2.64808,-0.00129979
155,-0.234386,-0.00213714,-2.88882,-0.00104363
156,-0.235553,-0.00320571,-2.88882,-0.000810557
157,-0.229213,-0.00427428,-2.88882,-0.000514303
158,-0.187009,-0.00213714,-2.64808,-0.00018954
159,-0.328141,0,-3.61102,8.55507E-005
160,-0.325496,-0.00213714,-3.61102,0.000189836
161,-0.309245,0,-3.61102,0.000169691
162,-0.271916,-0.00106857,-3.61102,0.000245704
163,-0.217231,0,-3.37029,0.00046913
164,-0.197575,0,-3.37029,0.000755174
165,-0.178489,-0.00106857,-3.37029,0.00104607
166,-0.274812,0.00213714,-4.09249,0.00132849
167,-0.238385,-0.00106857,-3.85176,0.00148364
168,-0.227587,0.00106857,-3.85176,0.00158156
169,-0.242977,-0.00106857,-3.85176,0.0017919
170,-0.243909,-0.00213714,-3.85176,0.00196917
171,-0.283312,0,-4.33323,0.00207324
172,-0.268586,-0.00320571,-4.33323,0.00220857
173,-0.260296,0.00106857,-4.33323,0.00238843
174,-0.229979,0.00106857,-4.33323,0.00260588
175,-0.268674,0.00106857,-4.8147,0.00275975
176,-0.24124,0.00213714,-4.8147,0.00282338
177,-0.235844,0.00106857,-4.8147,0.00291505
178,-0.218826,0.00427428,-4.8147,0.00307058
179,-0.19685,0.00106857,-4.57396,0.00332471
180,-0.267208,0.00534284,-5.29617,0.003577
181,-0.23205,0.00213714,-5.05543,0.00368737
182,-0.215014,0.00106857,-5.05543,0.0037576
183,-0.158002,0.00213714,-4.8147,0.00388989
184,-0.14808,0.00213714,-4.8147,0.00410006
185,-0.176882,0.00213714,-5.05543,0.00435198
186,-0.19821,0.00213714,-5.29617,0.00457447
187,-0.185298,0.00427428,-5.05543,0.00471645
188,-0.200486,0.00320571,-5.29617,0.00485063
189,-0.167227,0.00320571,-5.05543,0.00493336
190,-0.259274,0.00427428,-6.01837,0.00506071
191,-0.172907,0.00427428,-5.29617,0.00516641
192,-0.149967,0.00320571,-5.29617,0.00519754
193,-0.114602,0.00320571,-5.05543,0.00536356
194,-0.154249,0.00427428,-5.5369,0.00559571
195,-0.193969,0.00320571,-5.5369,0.00578101
196,-0.183459,0.00534284,-5.5369,0.00587473
197,-0.152701,0.00427428,-5.5369,0.00598672
198,-0.190457,0.00534284,-6.01837,0.00606213
199,-0.123175,0.00534284,-5.29617,0.00611383
200,-0.115708,0.00534284,-5.29617,0.0062225
201,-0.113284,0.00534284,-5.29617,0.0063104
202,-0.225429,0.00534284,-6.25911,0.00639535
203,-0.222558,0.00641141,-6.25911,0.00646345
204,-0.196958,0.00534284,-6.25911,0.00654645
205,-0.171,0.00747998,-6.25911,0.00668072
206,-0.163058,0.00961712,-6.25911,0.00682918
207,-0.180789,0.00641141,-6.74058,0.00697227
208,-0.136916,0.00747998,-6.49984,0.00715024
209,-0.137339,0.00747998,-6.49984,0.00741388
210,-0.0955612,0.00534284,-6.25911,0.00759425
211,-0.100467,0.00854855,-6.25911,0.00772027
212,-0.107425,0.00747998,-6.25911,0.00789539
213,-0.0546967,0.00961712,-6.01837,0.00804429
214,-0.0794888,0.00854855,-6.01837,0.00827574
215,-0.0993699,0.00854855,-6.25911,0.0084798
216,-0.100591,0.00961712,-6.01837,0.00863984
217,-0.100047,0.00854855,-6.01837,0.0087333
218,-0.23229,0.00747998,-6.98131,0.00869029
219,-0.0967555,0.00747998,-6.01837,0.00864302
220,-0.0946092,0.00854855,-6.25911,0.00866752
221,-0.10559,0.00961712,-6.25911,0.00870514
222,-0.150546,0.00854855,-6.49984,0.00865618
223,-0.223389,0.0106857,-6.98131,0.00860925
224,-0.216862,0.00961712,-6.98131,0.0086121
225,-0.149674,0.00961712,-6.74058,0.0085766
226,-0.172145,0.00747998,-6.98131,0.00854557
227,-0.15924,0.00961712,-6.98131,0.00861492
228,-0.195175,0.0106857,-7.22205,0.00864459
229,-0.13631,0.00961712,-6.98131,0.00871171
230,-0.0581292,0.00747998,-6.25911,0.00886937
231,-0.0801332,0.00747998,-6.49984,0.00901622
232,-0.0830846,0.00854855,-6.49984,0.00917726
233,-0.0924237,0.00747998,-6.49984,0.00927166
234,-0.134295,0.00961712,-6.74058,0.00933339
235,-0.0706426,0.00854855,-6.01837,0.00933886
236,-0.078183,0.00747998,-6.01837,0.0093739
237,-0.0869965,0.00854855,-5.77764,0.009509
238,-0.0693871,0.00854855,-5.77764,0.009581
239,-0.201523,0.00961712,-6.49984,0.00957917
240,-0.178784,0.00747998,-6.25911,0.00942986
241,-0.177279,0.00961712,-6.01837,0.00917553
242,-0.11115,0.00854855,-6.01837,0.00888759
243,-0.174267,0.00747998,-6.25911,0.00874543
244,-0.155667,0.00534284,-6.25911,0.00871999
245,-0.186318,0.00641141,-6.49984,0.00871469
246,-0.0871612,0.00854855,-6.01837,0.00867735
247,-0.181379,0.00641141,-6.74058,0.00857585
248,-0.183053,0.00854855,-6.98131,0.0084987
249,-0.153042,0.00747998,-6.74058,0.00848152
250,-0.0109719,0.00854855,-5.77764,0.00846356
251,-0.167021,0.00641141,-6.98131,0.00856749
252,-0.162763,0.00641141,-6.98131,0.0088137
253,-0.159064,0.00854855,-6.74058,0.00896637
254,-0.0858291,0.00854855,-6.01837,0.00905865
255,-0.119372,0.00747998,-6.49984,0.00907692
256,-0.143519,0.00854855,-6.49984,0.00910061
257,-0.153014,0.00961712,-6.49984,0.00912694
258,-0.0893394,0.00854855,-6.01837,0.00909311
259,-0.126745,0.00320571,-6.49984,0.00900911
260,-0.181523,0.00854855,-6.74058,0.00893567
261,-0.140698,0.0106857,-6.49984,0.00889819
262,-0.028391,0.00854855,-5.77764,0.00889443
263,-0.120609,0.00854855,-6.49984,0.00892731
264,-0.123725,0.00641141,-6.49984,0.00902016
265,-0.149966,0.00641141,-6.74058,0.00904613
266,-0.147483,0.00747998,-6.74058,0.0090691
267,-0.0649216,0.00641141,-6.25911,0.00913244
268,-0.0827158,0.00854855,-6.25911,0.00917619
269,-0.0801106,0.0106857,-6.25911,0.00920094
270,-0.138575,0.00641141,-6.49984,0.00920545
271,-0.120017,0.00854855,-6.25911,0.00916638
272,-0.136861,0.00747998,-6.25911,0.00906603
273,-0.130864,0.00747998,-6.25911,0.00899537
274,-0.0962063,0.00747998,-6.25911,0.00886143
275,-0.0568921,0.00641141,-5.77764,0.00880212
276,0.00263467,0.0106857,-5.5369,0.00877358
277,-0.0776691,0.00427428,-6.01837,0.00880232
278,-0.0937906,0.00747998,-6.01837,0.00890331
279,-0.0813383,0.00747998,-5.77764,0.0089728
280,-0.0759901,0.00747998,-5.77764,0.00901772
281,-0.0379622,0.00747998,-5.5369,0.00893954
282,-0.154829,0.00747998,-6.25911,0.00889011
283,0.00534129,0.00854855,-5.29617,0.00885259
284,-0.0104301,0.00534284,-5.29617,0.00887971
285,-0.0195708,0.00747998,-5.29617,0.00891778
286,-0.0395613,0.00641141,-5.29617,0.00893616
287,-0.0392578,0.00641141,-5.29617,0.00894715
288,-0.0683422,0.00641141,-5.29617,0.00891873
289,-0.0672979,0.00641141,-5.29617,0.00889445
290,-0.0801184,0.00534284,-5.29617,0.00878685
291,-0.132527,0.00534284,-5.77764,0.00866878
292,-0.131762,0.00641141,-6.01837,0.00852184
293,-0.0886909,0.00534284,-5.77764,0.00841176
294,0.0225209,0.00534284,-4.8147,0.00839221
295,-0.0645041,0.00641141,-5.5369,0.00840196
296,-0.0448339,0.00641141,-5.29617,0.00840539
297,-0.0708608,0.00427428,-5.5369,0.00843448
298,-0.0690844,0.00427428,-5.5369,0.00846691
299,-0.0565897,0.00854855,-5.29617,0.00844489
300,-0.093614,0.00854855,-5.77764,0.00839934
301,-0.0844393,0.00534284,-5.5369,0.00834875
302,-0.0995094,0.00534284,-5.77764,0.0083662
303,0.0244721,0.00641141,-4.8147,0.00834164
304,-0.0321653,0.00534284,-5.05543,0.0083201
305,-0.0609406,0.00534284,-5.29617,0.00833552
306,-0.0376331,0.00534284,-5.05543,0.00829975
307,-0.0283858,0.00534284,-4.8147,0.00828312
308,-0.0155685,0.00641141,-4.57396,0.00823289
309,-0.0207479,0.00534284,-4.57396,0.00817068
310,-0.0511061,0.00320571,-4.57396,0.00812373
311,-0.120678,0.00534284,-5.05543,0.00799937
312,-0.143826,0.00747998,-5.29617,0.00782687
313,-0.113232,0.00427428,-5.05543,0.00760104
314,-0.0896539,0.00854855,-5.05543,0.00734534
315,-0.00605293,0.00534284,-4.33323,0.00723313
316,-0.0361313,0.00106857,-4.57396,0.0072888
317,-0.00810387,0.00534284,-4.33323,0.00734147
318,-0.076799,0.00427428,-4.8147,0.00735489
319,-0.0158609,0.00427428,-4.33323,0.00736019
320,-0.0421604,0.00320571,-4.33323,0.00729991
321,-0.098897,0.00427428,-4.57396,0.00723087
322,-0.071058,0.00641141,-4.33323,0.00717551
323,-0.179954,0.00320571,-5.05543,0.00707099
324,-0.162122,0.00641141,-4.8147,0.00689632
325,-0.126042,0.00854855,-4.8147,0.00667121
326,-0.0690963,0.00427428,-4.57396,0.00653931
327,-0.0121712,0.00320571,-4.09249,0.00651253
328,0.00243499,0.00641141,-4.09249,0.0065869
329,0.000426014,0.00320571,-4.09249,0.00670243
330,-0.0723715,0.00106857,-4.57396,0.00673511
331,-0.0288315,0.00641141,-4.09249,0.00677019
332,0.0256043,0.00534284,-3.85176,0.00679918
333,-0.0469414,0.00320571,-4.09249,0.00680935
334,-0.0660472,0.00747998,-4.09249,0.0068735
335,-0.133375,0.00641141,-4.33323,0.00687406
336,-0.13397,0.00427428,-4.57396,0.00670733
337,-0.107607,0.00534284,-4.33323,0.00648572
338,-0.129375,0.00320571,-4.33323,0.00634662
339,-0.0218147,0.00213714,-3.61102,0.00624089
340,-0.0804958,0.00320571,-3.85176,0.00620277
341,-0.0781027,0.00320571,-3.85176,0.00617837
342,-0.0725877,0.00213714,-3.85176,0.00605464
343,-0.133781,0.00213714,-4.33323,0.00592718
344,-0.137904,0.00641141,-4.33323,0.00587376
345,-0.13238,0.00213714,-4.33323,0.00580938
346,-0.0716446,0.00534284,-3.85176,0.00560774
347,-0.0906348,0.00320571,-3.85176,0.00554197
348,-0.0984585,0.00534284,-3.85176,0.00557288
349,-0.110179,0.00213714,-3.85176,0.0054747
350,-0.115682,0.00106857,-3.85176,0.00540121
351,-0.0897425,0.00213714,-3.61102,0.00541033
352,-0.0932884,0.00641141,-3.61102,0.00533241
353,-0.100613,0.00320571,-3.61102,0.00518634
354,-0.140368,0.00427428,-3.61102,0.00509477
355,-0.133561,0.00320571,-3.85176,0.00502259
356,-0.151117,0.00106857,-3.85176,0.00488556
357,-0.103652,0.00213714,-3.61102,0.00472757
358,-0.135252,0,-3.85176,0.0047282
359,-0.0788061,0.00213714,-3.37029,0.00475367
360,-0.0858485,0.00106857,-3.37029,0.00473016
361,-0.073751,0.00213714,-3.12955,0.00472209
362,-0.131436,0.00427428,-3.37029,0.0047248
363,-0.2334,0.00106857,-3.85176,0.00463575
364,-0.194176,0,-3.85176,0.004384
365,-0.19887,0.00106857,-3.85176,0.00416435
366,-0.16168,0.00320571,-3.61102,0.0040016
367,-0.104062,0.00106857,-3.12955,0.00390594
368,-0.106752,-0.00106857,-3.12955,0.00385363
369,-0.120975,0.00106857,-3.12955,0.00384407
370,-0.174131,-0.00106857,-3.37029,0.00385345
371,-0.108128,0.00320571,-3.12955,0.00376781
372,-0.131537,-0.00106857,-3.37029,0.00365074
373,-0.100304,-0.00213714,-3.12955,0.00357897
374,-0.125156,0.00213714,-3.37029,0.00360541
375,-0.104418,0.00213714,-3.37029,0.00358475
376,-0.13089,-0.00106857,-3.37029,0.00364042
377,-0.164462,0.00320571,-3.37029,0.0038757
378,-0.131632,0,-3.12955,0.00401799
379,-0.216475,-0.00106857,-3.61102,0.00396094
380,-0.192148,0,-3.61102,0.00377537
381,-0.194021,0,-3.61102,0.00361651
382,-0.179822,-0.00213714,-3.61102,0.00352044
383,-0.115289,-0.00213714,-3.12955,0.00345962
384,-0.105225,0.00106857,-2.88882,0.00346144
385,-0.143833,-0.00106857,-3.12955,0.00353776
386,-0.108482,0,-2.88882,0.00349959
387,-0.183699,0,-3.61102,0.00337848
388,-0.170529,0.00213714,-3.61102,0.00328718
389,-0.17144,0,-3.61102,0.00328051
390,-0.154722,0.00427428,-3.61102,0.00334612
391,-0.0766392,0,-3.12955,0.0033706
392,-0.107394,0.00213714,-3.12955,0.00344947
393,-0.0838974,-0.00213714,-2.88882,0.00360071
394,-0.168154,0,-3.12955,0.00371684
395,-0.168833,0,-3.12955,0.00372012
396,-0.182555,0.00213714,-3.37029,0.00360583
397,-0.162301,0.00213714,-3.12955,0.0034401
398,-0.189292,0,-3.37029,0.00336962
399,-0.141255,0.00320571,-3.12955,0.00335155
400,-0.138543,0,-3.12955,0.00333179
401,-0.109418,0,-3.12955,0.00331474
402,-0.0905966,0.00213714,-2.88882,0.00336504
403,-0.154212,-0.00213714,-3.37029,0.00345239
404,-0.156003,-0.00213714,-3.37029,0.00341974
405,-0.154649,-0.00747998,-3.37029,0.0033539
406,-0.149574,-0.00213714,-3.37029,0.00338169
407,-0.121132,0.00106857,-3.12955,0.0034009
408,-0.101386,0.00320571,-2.88882,0.00337912
409,-0.0942034,0.00320571,-2.88882,0.00341126
410,-0.081708,0.00213714,-2.88882,0.00350755
411,-0.157962,-0.00106857,-3.12955,0.00360195
412,-0.163793,0,-3.12955,0.00355
413,-0.188273,-0.00641141,-3.12955,0.0034175
414,-0.126621,0,-2.88882,0.00324221
415,-0.170649,0.00213714,-3.12955,0.00313438
416,-0.119889,-0.00106857,-2.88882,0.00302432
417,-0.145161,0.00213714,-3.12955,0.00289989
418,-0.119784,-0.00213714,-2.88882,0.00286134
419,-0.121249,-0.00106857,-2.88882,0.0028795
420,-0.141356,-0.00213714,-2.88882,0.00293566
421,-0.13603,0.00213714,-2.88882,0.00289472
422,-0.128087,-0.00213714,-2.88882,0.00283923
423,-0.0974619,-0.00213714,-2.88882,0.002844
424,-0.140764,-0.00320571,-3.12955,0.0029244
425,-0.165387,0.00106857,-3.12955,0.00304645
426,-0.135202,-0.00213714,-3.12955,0.00315667
427,-0.0769184,0.00213714,-2.64808,0.00314968
428,-0.127299,-0.00213714,-2.88882,0.00314023
429,-0.141581,-0.00106857,-2.88882,0.00315612
430,-0.157214,-0.00106857,-2.88882,0.0030734
431,-0.124192,-0.00106857,-2.88882,0.00296828
432,-0.161777,0.00106857,-3.12955,0.00292131
433,-0.132228,0,-3.12955,0.00287094
434,-0.155295,-0.00747998,-3.12955,0.0028906
435,-0.118601,-0.00213714,-2.88882,0.00291804
436,-0.127686,0,-2.88882,0.00288455
437,-0.131205,0.00213714,-2.88882,0.00285965
438,-0.120016,-0.00213714,-2.88882,0.00289087
439,-0.178668,0.00106857,-3.12955,0.00298478
440,-0.153676,0.00106857,-3.12955,0.00294706
441,-0.105155,-0.00106857,-2.88882,0.0028834
442,-0.0932253,0,-2.88882,0.00286617
443,-0.101374,-0.00213714,-2.88882,0.00289236
444,-0.102672,-0.00320571,-2.88882,0.00299191
445,-0.0935624,0.00213714,-2.88882,0.00309816
446,-0.058146,-0.00320571,-2.64808,0.00318596
447,-0.103312,-0.00213714,-2.64808,0.0032657
448,-0.106553,0.00106857,-2.64808,0.00335672
449,-0.0850982,0,-2.40735,0.00336638
450,-0.0908015,0,-2.40735,0.00329655
451,-0.149779,-0.00106857,-2.88882,0.00328029
452,-0.202839,-0.00106857,-3.12955,0.00317921
453,-0.165212,0.00213714,-2.88882,0.00297017
454,-0.156131,-0.00106857,-2.88882,0.00273383
455,-0.0943933,-0.00106857,-2.40735,0.00254019
456,-0.0835476,-0.00106857,-2.40735,0.00246771
457,-0.140452,-0.00106857,-2.64808,0.00249493
458,-0.126711,0.00213714,-2.64808,0.00251722
459,-0.127665,0.00106857,-2.64808,0.0024507
460,-0.123906,-0.00106857,-2.88882,0.00234733
461,-0.112898,-0.00106857,-2.88882,0.00228378
462,-0.0713067,-0.00106857,-2.64808,0.00232984
463,-0.0753328,0,-2.64808,0.0024884
464,-0.0816914,0.00106857,-2.64808,0.00269856
465,-0.113009,0.00106857,-2.64808,0.00290086
466,-0.116789,-0.00427428,-2.64808,0.00299061
467,-0.114625,0.00320571,-2.64808,0.00296946
468,-0.14769,0,-2.64808,0.00285022
469,-0.144407,0.00213714,-2.64808,0.00271375
470,-0.203354,-0.00106857,-3.12955,0.00263214
471,-0.171571,0.00106857,-3.12955,0.00250241
472,-0.136824,-0.00213714,-2.88882,0.00246203
473,-0.129903,-0.00106857,-2.88882,0.00251011
474,-0.121891,-0.00213714,-2.88882,0.00260037
475,-0.0775267,-0.00106857,-2.64808,0.00267363
476,-0.0885772,0,-2.64808,0.00267075
477,-0.0795934,-0.00106857,-2.40735,0.0026766
478,-0.104133,-0.00106857,-2.64808,0.00269443
479,-0.138027,-0.00213714,-2.88882,0.00269458
480,-0.156383,0,-3.12955,0.00275633
481,-0.155563,0,-3.12955,0.00286697
482,-0.103461,0,-2.88882,0.00288831
483,-0.1178,0.00213714,-2.88882,0.00286389
484,-0.0886271,0.00106857,-2.88882,0.00290676
485,-0.0988937,0.00106857,-2.88882,0.00301399
486,-0.124879,0,-2.88882,0.00316227
487,-0.146303,0.00106857,-2.88882,0.00325849
488,-0.192076,0.00320571,-3.12955,0.00323054
489,-0.131638,0,-2.88882,0.00313631
490,-0.153563,0.00106857,-3.12955,0.00307373
491,-0.124243,0,-2.88882,0.00299386
492,-0.112617,0.00320571,-2.88882,0.00289325
493,-0.10849,0.00213714,-2.88882,0.00288751
494,-0.129964,0,-2.88882,0.00296983
495,-0.186296,0,-3.37029,0.00307105
496,-0.151412,-0.00427428,-3.37029,0.00299961
497,-0.116369,0.00106857,-3.12955,0.00281219
498,-0.137102,0,-3.37029,0.00272748
499,-0.120649,0,-3.12955,0.00275649
500,-0.121725,0,-3.12955,0.00278031
501,-0.1272,0.00320571,-3.12955,0.00284541
502,-0.105686,0.00106857,-2.88882,0.00299412
503,-0.20054,0.00106857,-3.61102,0.00314657
504,-0.181268,0.00213714,-3.61102,0.00322303
505,-0.159525,0.00213714,-3.61102,0.00319067
506,-0.16789,0,-3.61102,0.00316107
507,-0.0845767,0.00106857,-2.88882,0.00313021
508,-0.13277,0.00106857,-3.12955,0.00313285
509,-0.127684,0.00213714,-3.12955,0.00316737
510,-0.114126,0,-2.88882,0.00318715
511,-0.203206,0.00320571,-3.61102,0.0032657
512,-0.214017,0.00427428,-3.85176,0.00322668
513,-0.192425,0.00213714,-3.85176,0.00308027
514,-0.160575,0.00320571,-3.61102,0.00308328
515,-0.119099,0.00320571,-3.37029,0.00323293
516,-0.136819,0.00213714,-3.61102,0.0033829
517,-0.140825,0.00106857,-3.61102,0.00348253
518,-0.114542,0,-3.37029,0.00352956
519,-0.185167,0.00106857,-3.85176,0.0035478
520,-0.171058,0.00106857,-3.85176,0.00355571
521,-0.222064,0.00213714,-4.09249,0.00358979
522,-0.210677,-0.00106857,-4.09249,0.00361073
523,-0.143188,0.00534284,-3.61102,0.00356001
524,-0.146619,0,-3.61102,0.00364827
525,-0.133936,0.00213714,-3.61102,0.00381968
526,-0.109791,0.00320571,-3.61102,0.00386834
527,-0.149914,0.00213714,-4.09249,0.00392246
528,-0.169258,0.00534284,-4.09249,0.00395025
529,-0.150915,0.00534284,-4.09249,0.0039737
530,-0.153657,0.00213714,-3.85176,0.00404581
531,-0.231089,-0.00320571,-4.33323,0.00407686
532,-0.236179,0.00320571,-4.33323,0.0040357
533,-0.226851,-0.00106857,-4.33323,0.00392138
534,-0.214182,0.00213714,-4.33323,0.00383595
535,-0.156239,0.00213714,-3.85176,0.00384373
536,-0.151699,0.00213714,-3.85176,0.00391637
537,-0.13479,0.00320571,-3.61102,0.00407046
538,-0.136418,0.00534284,-3.61102,0.00418495
539,-0.288952,0.00534284,-4.8147,0.00420843
540,-0.277693,0.00320571,-4.8147,0.00420119
541,-0.255517,0.00427428,-4.8147,0.00406326
542,-0.192215,0.00213714,-4.33323,0.00395162
543,-0.17191,0.00213714,-4.09249,0.00407616
544,-0.173773,-0.00534284,-4.09249,0.00424645
545,-0.213519,0.00213714,-4.33323,0.00427332
546,-0.226289,0.00106857,-4.33323,0.00425858
547,-0.192236,0.00320571,-4.33323,0.00421453
548,-0.21384,0.00534284,-4.33323,0.00414361
549,-0.178347,0.00213714,-4.09249,0.004147
550,-0.221646,0.00106857,-4.33323,0.00413531
551,-0.314701,0.00106857,-5.05543,0.00410996
552,-0.31278,0.00213714,-5.05543,0.00407211
553,-0.323672,0.00534284,-5.29617,0.00388714
554,-0.178052,0.00106857,-4.09249,0.00373674
555,-0.278205,0.00213714,-5.05543,0.00381193
556,-0.243332,0.00534284,-4.8147,0.0039379
557,-0.276807,0.00213714,-5.05543,0.00400336
558,-0.244954,0.00534284,-5.05543,0.00403259
559,-0.221053,0.00106857,-4.8147,0.00407785
560,-0.223094,0.00106857,-4.8147,0.00421265
561,-0.212124,0.00320571,-4.8147,0.00432623
562,-0.229677,0.00213714,-4.8147,0.00443929
563,-0.23962,0.00213714,-5.05543,0.0045445
564,-0.202088,0.00641141,-4.8147,0.00457755
565,-0.192482,0.00213714,-4.57396,0.00457931
566,-0.2209,0.00427428,-4.8147,0.0046065
567,-0.336443,0.00213714,-5.5369,0.00470135
568,-0.304411,0.00320571,-5.29617,0.00468069
569,-0.284317,0.00213714,-5.29617,0.0045059
570,-0.226763,0.00320571,-4.8147,0.00439615
571,-0.289008,0.00106857,-5.5369,0.00435195
572,-0.297363,0.00213714,-5.5369,0.00428958
573,-0.267475,0.00320571,-5.5369,0.00425073
574,-0.250245,0.00427428,-5.5369,0.0042909
575,-0.234914,0.00320571,-5.29617,0.00442201
576,-0.196346,0.00427428,-5.05543,0.00464781
577,-0.199429,0.00320571,-5.05543,0.00484641
578,-0.277399,0.00320571,-5.77764,0.00494187
579,-0.222316,0.00534284,-5.29617,0.00493435
580,-0.226532,0.00534284,-5.29617,0.00491907
581,-0.19035,0.00427428,-5.29617,0.00496522
582,-0.21248,0.00427428,-5.29617,0.00507749
583,-0.212547,0.00320571,-5.29617,0.00520812
584,-0.216763,0.00641141,-5.29617,0.00527837
585,-0.227122,0.00427428,-5.29617,0.00533162
586,-0.218769,-0.00320571,-5.29617,0.00532156
587,-0.326458,0.00320571,-6.01837,0.005432
588,-0.181369,0.00427428,-5.29617,0.00552363
589,-0.209553,0.00427428,-5.29617,0.00552805
590,-0.195907,0.00320571,-5.29617,0.00558845
591,-0.269225,0.00427428,-6.01837,0.00561999
592,-0.242785,0.00427428,-5.77764,0.00568245
593,-0.240928,0.00427428,-6.01837,0.00571592
594,-0.211459,0.00747998,-5.5369,0.00571074
595,-0.215873,0.00534284,-6.01837,0.00577782
596,-0.250321,0.00534284,-6.25911,0.00590151
597,-0.228015,0.00320571,-6.25911,0.00593
598,-0.244801,0.00854855,-6.25911,0.00601475
599,-0.208864,0.00534284,-6.25911,0.00610998
600,-0.181265,0.00747998,-6.25911,0.00617601
601,-0.166169,0.00641141,-6.25911,0.00637594
602,-0.153256,0.00427428,-6.25911,0.00660992
603,-0.188275,0.00534284,-6.74058,0.00686992
604,-0.199109,0.00641141,-6.98131,0.00710694
605,-0.143263,0.00534284,-6.74058,0.00728146
606,-0.153215,0.00534284,-6.98131,0.00752473
607,-0.0785379,0.00641141,-6.74058,0.0078022
608,-0.0790776,0.00747998,-6.74058,0.0080773
609,-0.117223,0.00534284,-6.98131,0.00832485
610,-0.058733,0.00854855,-6.74058,0.00860366
611,-0.0915372,0.00961712,-6.98131,0.008975
612,-0.0592581,0.00747998,-6.74058,0.00919482
613,-0.0804584,0.0106857,-6.74058,0.00928771
614,-0.0753318,0.00534284,-6.74058,0.00940179
615,-0.116941,0.0106857,-6.98131,0.00951998
616,-0.0492079,0.00854855,-6.74058,0.00955164
617,-0.0956578,0.00747998,-6.98131,0.00967177
618,-0.0656528,0.00747998,-6.74058,0.00990456
619,-0.0815055,0.00854855,-6.74058,0.0101279
620,-0.101311,0.00961712,-6.98131,0.0102344
621,-0.123139,0.00641141,-6.98131,0.0102326
622,-0.0932449,0.00534284,-6.74058,0.0102005
623,-0.0456434,0.00854855,-6.49984,0.0102025
624,-0.0535687,0.00747998,-6.49984,0.0102977
625,-0.0657055,0.00961712,-6.49984,0.0103185
626,-0.067223,0.00747998,-6.49984,0.0103161
627,-0.017621,0.00747998,-6.01837,0.0103342
628,-0.10885,0.00747998,-6.74058,0.0103025
629,-0.11881,0.00854855,-6.74058,0.0101378
630,-0.0976389,0.00854855,-6.74058,0.00999184
631,-0.0221792,0.00747998,-6.01837,0.00997171
632,-0.0178934,0.00747998,-5.77764,0.00992236
633,-0.0350115,0.00641141,-6.01837,0.00989026
634,-0.074989,0.00747998,-6.25911,0.00991375
635,-0.0121074,0.00534284,-5.77764,0.00988811
636,-0.0706229,0.00641141,-5.77764,0.00987887
637,-0.0402601,0.00641141,-5.77764,0.00984693
638,-0.113102,0.00534284,-6.25911,0.00970131
639,0.00388337,0.00961712,-5.29617,0.00950914
640,-0.0817329,0.00534284,-5.77764,0.00936845
641,-0.00916857,0.00641141,-5.29617,0.00927315
642,-0.0517836,0.00641141,-5.5369,0.00919245
643,-0.0802117,0.00534284,-5.77764,0.00914054
644,-0.0523661,0.00534284,-5.5369,0.00902605
645,-0.0997888,0.00534284,-5.5369,0.00897424
646,-0.0789982,0.00534284,-5.5369,0.00888197
647,-0.196808,0.00534284,-6.25911,0.00871353
648,-0.134771,0.00534284,-6.01837,0.00846489
649,-0.0831373,0.00534284,-5.5369,0.00817687
650,-0.0128889,0.00320571,-5.05543,0.00810709
651,-0.110819,0.00854855,-6.01837,0.00810936
652,-0.135592,0.00427428,-6.01837,0.00809761
653,-0.139818,0.00747998,-6.25911,0.00807545
654,-0.0761509,0.00854855,-5.5369,0.00804823
655,-0.0594975,0.00534284,-5.5369,0.00809316
656,-0.0700149,0.00534284,-5.5369,0.00809146
657,-0.0897095,0.00747998,-5.5369,0.00801543
658,-0.0966175,0.00320571,-5.5369,0.00798071
659,-0.104421,0.00641141,-5.5369,0.00801192
660,-0.074776,0.00427428,-5.29617,0.007996
661,-0.0775609,0.00534284,-5.29617,0.00785677
662,-0.15034,0.00534284,-5.77764,0.00781734
663,-0.00425586,0.00641141,-4.8147,0.00775908
664,-0.0580613,0.00534284,-4.8147,0.00775258
665,-0.0664235,0.00427428,-5.05543,0.00785448
666,-0.0530101,0.00641141,-4.57396,0.00783939
667,-0.113979,0.00854855,-5.05543,0.00776126
668,-0.0774312,0.00854855,-4.8147,0.00766154
669,-0.134927,0.00854855,-4.8147,0.00758159
670,-0.111111,0.00747998,-4.8147,0.00745439
671,-0.103945,0.00320571,-4.8147,0.00730204
672,-0.0966426,0.00320571,-4.8147,0.00721747
673,-0.069894,0.00747998,-4.57396,0.00718572
674,-0.118146,0.00534284,-4.8147,0.00714144
675,-0.102507,0.00427428,-4.57396,0.00708621
676,-0.11195,0.00213714,-4.57396,0.00702118
677,-0.0842408,0.00427428,-4.57396,0.00688482
678,-0.173344,0.00320571,-5.05543,0.0067263
679,-0.0893303,0.00427428,-4.33323,0.00654112
680,-0.102373,0.00213714,-4.33323,0.00643687
681,-0.130983,0.00427428,-4.33323,0.00642193
682,-0.112432,0.00427428,-4.33323,0.00630365
683,-0.153001,0.00427428,-4.57396,0.00620009
684,-0.176182,0.00427428,-4.8147,0.00619163
685,-0.138525,0.00427428,-4.57396,0.00616727
686,-0.121984,0.00534284,-4.57396,0.00611187
687,-0.124033,0.00106857,-4.57396,0.00606889
688,-0.0852869,0.00213714,-4.33323,0.00599457
689,-0.112863,0.00320571,-4.57396,0.00595506
690,-0.123627,0.00427428,-4.57396,0.00602214
691,-0.0111948,0.00320571,-3.85176,0.00603337
692,-0.0730754,0,-4.09249,0.00602766
693,-0.0711516,-0.00106857,-4.09249,0.00608197
694,-0.0655588,0.00427428,-3.85176,0.00611744
695,-0.0758009,0.00320571,-4.09249,0.00613934
696,-0.149314,0.00534284,-4.57396,0.00612872
697,-0.108362,0.00213714,-4.33323,0.00601413
698,-0.135868,0,-4.33323,0.0058639
699,-0.111804,0.00213714,-3.85176,0.00577349
700,-0.101807,0.00213714,-3.85176,0.00574789
701,-0.0972449,0.00534284,-3.85176,0.00569583
702,-0.146864,0.00320571,-4.33323,0.00552623
703,-0.111668,0.00213714,-3.85176,0.00536092
704,-0.0927308,0.00427428,-3.85176,0.00525484
705,-0.101814,0.00213714,-3.85176,0.00520163
706,-0.085958,0.00213714,-3.61102,0.00521535
707,-0.110083,0.00213714,-4.09249,0.00518643
708,-0.0979494,0.00106857,-4.09249,0.00511295
709,-0.0963886,0.00213714,-4.09249,0.00510276
710,-0.116735,0.00213714,-4.09249,0.00511596
711,-0.0439738,0.00213714,-3.61102,0.00505642
712,-0.0625746,0.00320571,-3.61102,0.00506869
713,-0.0970182,0.00213714,-3.61102,0.00516627
714,-0.0915926,0.00534284,-3.61102,0.00519258
715,-0.133888,0.00213714,-3.85176,0.00518234
716,-0.137756,0.00213714,-3.85176,0.00515238
717,-0.144894,0.00213714,-3.85176,0.00513404
718,-0.128318,0.00213714,-3.85176,0.00501335
719,-0.0232959,0.00213714,-3.37029,0.00485079
720,-0.0172102,0.00320571,-3.37029,0.00491302
721,-0.042408,0.00213714,-3.37029,0.00509251
722,-0.0678949,0,-3.37029,0.00518882
723,-0.126053,0.00427428,-3.61102,0.00523727
724,-0.108139,0.00213714,-3.61102,0.00522159
725,-0.0908503,-0.00213714,-3.61102,0.00515732
726,-0.0970283,0.00106857,-3.61102,0.00506742
727,-0.0477558,0.00106857,-3.12955,0.00492929
728,-0.0707069,-0.00106857,-3.12955,0.00481245
729,-0.0802027,0.00106857,-3.12955,0.0047664
730,-0.113745,0.00106857,-3.12955,0.0047718
731,-0.158935,0.00106857,-3.61102,0.00462717
732,-0.144702,0,-3.61102,0.00438026
733,-0.122619,0.00106857,-3.61102,0.00421467
734,-0.101003,0.00427428,-3.61102,0.00411467
735,0.00809292,0.00106857,-2.88882,0.00413656
736,-0.0104404,0.00320571,-2.88882,0.0042551
737,-0.0562645,0,-2.88882,0.00442396
738,-0.0805082,0.00106857,-2.88882,0.00452521
739,-0.0919195,-0.00106857,-2.88882,0.00447101
740,-0.0843366,0.00106857,-2.88882,0.00437737
741,-0.0508896,0.00213714,-2.88882,0.00422581
742,-0.0964793,0,-3.12955,0.0040755
743,-0.0706411,-0.00106857,-2.88882,0.00405025
744,-0.0810066,-0.00106857,-2.88882,0.00401785
745,-0.111881,0.00106857,-2.88882,0.00396997
746,-0.117773,0,-2.88882,0.00393029
747,-0.131866,-0.00106857,-2.88882,0.00386997
748,-0.124297,-0.00213714,-2.88882,0.00378272
749,-0.119316,-0.00106857,-2.88882,0.00359856
750,-0.0880454,0,-2.88882,0.00342191
751,-0.0898634,0,-2.88882,0.00329675
752,-0.0875712,0,-2.64808,0.00328419
753,-0.129163,-0.00106857,-2.88882,0.00344869
754,-0.113999,0,-2.88882,0.00347195
755,-0.062263,0,-2.64808,0.0033761
756,-0.0420744,-0.00106857,-2.64808,0.00335403
757,-0.0541049,0,-2.64808,0.00343559
758,-0.083944,0,-2.64808,0.00358702
759,-0.121453,-0.00427428,-2.88882,0.00358063
760,-0.124794,0.00213714,-2.88882,0.00345305
761,-0.0970755,-0.00213714,-2.88882,0.00330366
762,-0.0871287,-0.00213714,-2.88882,0.00325758
763,-0.071432,-0.00106857,-2.64808,0.00332822
764,-0.0634444,0.00213714,-2.64808,0.00343787
765,-0.058576,0.00320571,-2.40735,0.0034957
766,-0.0491805,-0.00106857,-2.40735,0.00343502
767,-0.059155,0,-2.40735,0.00334909
768,-0.0575566,0,-2.40735,0.00324733
769,-0.0885456,-0.00106857,-2.40735,0.00320435
770,-0.10833,-0.00106857,-2.40735,0.00321256
771,-0.127752,-0.00213714,-2.40735,0.00320631
772,-0.107391,-0.00213714,-2.16661,0.00313425
773,-0.126868,0,-2.40735,0.00300859
774,-0.13592,-0.00106857,-2.40735,0.00285055
775,-0.124612,-0.00213714,-2.40735,0.00273873
776,-0.12755,-0.00106857,-2.40735,0.00270256
777,-0.0891088,-0.00213714,-1.92588,0.00261738
778,-0.0886581,0.00213714,-1.92588,0.00251208
779,-0.0753532,-0.00106857,-1.68514,0.00242946
780,-0.113365,-0.00213714,-1.92588,0.00239601
781,-0.112725,-0.00106857,-1.92588,0.00233952
782,-0.0964973,0.00213714,-1.92588,0.00227956
783,-0.0930109,0.00106857,-1.68514,0.00221857
784,-0.116003,-0.00106857,-1.92588,0.00208126
785,-0.123996,-0.00213714,-1.92588,0.0019452
786,-0.0992399,-0.00213714,-1.68514,0.00182524
787,-0.118866,-0.00213714,-1.92588,0.00172374
788,-0.0898296,-0.00106857,-1.92588,0.00163302
789,-0.079132,-0.00213714,-1.92588,0.00155838
790,-0.0620272,-0.00213714,-1.92588,0.00158356
791,-0.0815419,-0.00213714,-1.92588,0.00166808
792,-0.0918737,0.00213714,-1.92588,0.0018599
793,-0.137211,-0.00427428,-1.92588,0.00201611
794,-0.120282,0.00213714,-1.68514,0.00201255
795,-0.108431,-0.00106857,-1.44441,0.00194826
796,-0.105264,0.00213714,-1.44441,0.00185616
797,-0.149668,-0.00213714,-1.68514,0.0017626
798,-0.146462,-0.00320571,-1.44441,0.00153961
799,-0.169677,-0.00213714,-1.44441,0.00127417
800,-0.186149,-0.00320571,-1.44441,0.00107395
801,-0.220252,-0.00320571,-1.68514,0.000886803
802,-0.158246,-0.00320571,-1.44441,0.000723258
803,-0.100257,-0.00320571,-1.20367,0.000599961
804,-0.101419,-0.00106857,-1.20367,0.000556727
805,-0.12187,-0.00213714,-1.20367,0.000594717
806,-0.110113,-0.00320571,-1.20367,0.000640787
807,-0.115758,-0.00320571,-1.20367,0.000663918
808,-0.109277,-0.00747998,-1.20367,0.000679273
809,-0.141217,0,-1.44441,0.000648631
810,-0.111766,-0.00320571,-1.20367,0.00058383
811,-0.139413,-0.00213714,-1.44441,0.0005038
812,-0.10214,-0.00213714,-1.20367,0.000381736
813,-0.106335,-0.00213714,-1.20367,0.000254877
814,-0.135711,0,-1.20367,0.00022222
815,-0.0854644,-0.00427428,-0.96294,0.000223144
816,-0.1024,-0.00213714,-0.96294,0.000312286
817,-0.087285,-0.00320571,-0.96294,0.000420378
818,-0.100278,-0.00106857,-0.96294,0.000408973
819,-0.116821,-0.00427428,-0.96294,0.000372228
820,-0.102927,-0.00106857,-0.96294,0.000330938
821,-0.103799,-0.00427428,-0.96294,0.000298506
822,-0.112363,-0.00213714,-0.96294,0.000206785
823,-0.124885,-0.00427428,-0.96294,0.000103534
824,-0.126381,-0.00320571,-0.96294,0.000022536
825,-0.0937829,-0.00641141,-0.96294,-0.000068993
826,-0.0884604,-0.00320571,-0.96294,-0.000109985
827,-0.0837184,-0.00213714,-0.96294,-6.73012E-005
828,-0.0838513,-0.00320571,-0.96294,4.26298E-005
829,-0.120363,-0.00427428,-0.96294,0.000149598
830,-0.133502,-0.00213714,-0.96294,0.000142652
831,-0.131567,-0.00427428,-0.722205,1.30184E-005
832,-0.151188,-0.00427428,-0.96294,-0.000075234
833,-0.136877,-0.00427428,-0.722205,-0.000116893
834,-0.143021,-0.00320571,-0.722205,-0.000199721
835,-0.155128,-0.00106857,-0.722205,-0.000217971
836,-0.141668,0,-0.722205,-0.000239242
837,-0.191094,-0.00427428,-0.96294,-0.000405901
838,-0.164303,-0.00213714,-0.722205,-0.000588375
839,-0.157709,-0.00213714,-0.722205,-0.000702988
840,-0.131735,-0.00213714,-0.722205,-0.000785637
841,-0.129833,-0.00106857,-0.722205,-0.000790858
842,-0.144009,-0.00320571,-0.96294,-0.000786719
843,-0.118981,-0.00961712,-0.722205,-0.000843498
844,-0.14137,-0.00106857,-0.96294,-0.000853601
845,-0.0914629,-0.00106857,-0.722205,-0.000772076
846,-0.132256,-0.00961712,-0.96294,-0.000720968
847,-0.0973397,-0.00106857,-0.96294,-0.000640591
848,-0.0506909,-0.00213714,-0.722205,-0.000507776
849,-0.0519442,-0.00320571,-0.722205,-0.000374669
850,-0.0646017,-0.00320571,-0.722205,-0.000249589
851,-0.0994399,-0.00213714,-0.722205,-0.000124848
852,-0.149391,-0.00213714,-0.96294,-4.90899E-005
853,-0.143317,-0.00213714,-0.722205,-9.21533E-005
854,-0.166585,-0.00320571,-0.96294,-0.000180854
855,-0.0699611,-0.00213714,-0.240735,-0.000327288
856,-0.115083,-0.00427428,-0.48147,-0.000385239
857,-0.127239,-0.00427428,-0.48147,-0.000410789
858,-0.146436,0,-0.48147,-0.00051248
859,-0.157131,-0.00106857,-0.48147,-0.000595726
860,-0.146656,-0.00534284,-0.48147,-0.000653865
861,-0.177766,-0.00106857,-0.48147,-0.000744656
862,-0.147743,-0.00534284,-0.240735,-0.000880106
863,-0.191232,0,-0.48147,-0.00103931
864,-0.214803,-0.00534284,-0.48147,-0.00123098
865,-0.219094,-0.00320571,-0.48147,-0.00144476
866,-0.230675,-0.00427428,-0.48147,-0.00165277
867,-0.202482,-0.00534284,-0.240735,-0.0018609
868,-0.202191,-0.00534284,-0.240735,-0.00200803
869,-0.187539,-0.00427428,-0.240735,-0.00209091
870,-0.184667,-0.00213714,-0.240735,-0.00220047
871,-0.199761,-0.00427428,-0.240735,-0.00226877
872,-0.186043,-0.00427428,-0.240735,-0.00231261
873,-0.185262,-0.00427428,-0.240735,-0.00234731
874,-0.172664,-0.00641141,-0.240735,-0.00234166
875,-0.162809,-0.00534284,-0.240735,-0.00232327
876,-0.149652,-0.00534284,0,-0.00232248
877,-0.167044,-0.00320571,-0.240735,-0.00231909
878,-0.155903,-0.00641141,-0.240735,-0.00224909
879,-0.132766,-0.00534284,-0.240735,-0.00217562
880,-0.15155,-0.00534284,-0.48147,-0.00206745
881,-0.123927,-0.00641141,-0.240735,-0.00198118
882,-0.127902,-0.00213714,-0.240735,-0.00196665
883,-0.138273,-0.00534284,-0.240735,-0.00193332
884,-0.136813,-0.00534284,-0.240735,-0.00189233
885,-0.137625,-0.00320571,-0.240735,-0.00187126
886,-0.149065,-0.00213714,-0.240735,-0.00186664
887,-0.115025,-0.00534284,0,-0.00187124
888,-0.0910714,-0.00427428,0.240735,-0.00181864
889,-0.124708,-0.00427428,0,-0.00172262
890,-0.124214,-0.00213714,0,-0.00174175
891,-0.0937347,-0.00534284,0.240735,-0.00181133
892,-0.127474,-0.00320571,0,-0.00186816
893,-0.125657,-0.00427428,0,-0.00192725
894,-0.115692,-0.00213714,0,-0.00195333
895,-0.110164,-0.00427428,0,-0.00187289
896,-0.160124,-0.00534284,-0.240735,-0.00182359
897,-0.13059,-0.00427428,0,-0.00182795
898,-0.131213,-0.00534284,0,-0.0018107
899,-0.143133,-0.00106857,0,-0.00181307
900,-0.132943,-0.00534284,0,-0.00174375
901,-0.137274,-0.00213714,0,-0.00178045
902,-0.125258,-0.00106857,0,-0.00192804
903,-0.128953,-0.00747998,0,-0.00202786
904,-0.0885081,-0.00320571,0.240735,-0.00202481
905,-0.129059,-0.00427428,0,-0.0019965
906,-0.118937,-0.00213714,0,-0.00200714
907,-0.115222,-0.0117543,0,-0.00201888
908,-0.115722,-0.00534284,0,-0.00200641
909,-0.123259,-0.00534284,0,-0.00197133
910,-0.124676,-0.00534284,0,-0.0019393
911,-0.124675,-0.00213714,0,-0.00191955
912,-0.135925,-0.00427428,0,-0.00193849
913,-0.121219,-0.00213714,0,-0.00195479
914,-0.116212,-0.00106857,0,-0.00195432
915,-0.132527,-0.00320571,0,-0.00191536
916,-0.109563,-0.00747998,0,-0.00186414
917,-0.143722,-0.00534284,-0.240735,-0.00184153
918,-0.111179,-0.00427428,0,-0.00182186
919,-0.114193,-0.00854855,0,-0.00178017
920,-0.120099,-0.00961712,0,-0.00183979
921,-0.154672,-0.00213714,-0.240735,-0.00191533
922,-0.126254,-0.00320571,0,-0.00195569
923,-0.14968,-0.00747998,-0.240735,-0.00201377
924,-0.104506,-0.00106857,0.240735,-0.0020273
925,-0.124328,-0.00534284,0,-0.00198687
926,-0.123441,-0.00427428,0,-0.00191476
927,-0.130917,-0.00427428,0,-0.00193141
928,-0.126821,-0.00534284,0,-0.00201
929,-0.126511,-0.00534284,0,-0.00203181
930,-0.143625,-0.00747998,-0.240735,-0.00208358
931,-0.0879644,-0.00213714,0.240735,-0.00213534
932,-0.139422,-0.00534284,0,-0.00208808
933,-0.115446,-0.00534284,0.240735,-0.00211412
934,-0.122754,-0.00320571,0.240735,-0.00217439
935,-0.156192,-0.00534284,0,-0.00217419
936,-0.138003,-0.00320571,0,-0.0021464
937,-0.136893,-0.00320571,0,-0.00218946
938,-0.141954,-0.00534284,0,-0.00229601
939,-0.110362,-0.00213714,0.240735,-0.00228361
940,-0.137784,-0.00427428,0,-0.00220243
941,-0.147009,-0.00534284,0,-0.00215901
942,-0.157007,-0.00320571,0,-0.0021334
943,-0.163239,-0.00213714,0,-0.00215829
944,-0.148836,-0.00534284,0,-0.00223166
945,-0.152776,-0.00534284,0,-0.00226267
946,-0.136493,-0.00427428,0,-0.00223628
947,-0.114708,-0.00427428,0,-0.00218249
948,-0.150093,-0.00320571,0,-0.00209859
949,-0.106555,-0.00213714,0.240735,-0.00204395
950,-0.157669,-0.00427428,0,-0.00204434
951,-0.124576,-0.00427428,0,-0.00204971
952,-0.123583,-0.00213714,0,-0.00206158
953,-0.119996,-0.00534284,0,-0.00202912
954,-0.140018,-0.00320571,-0.240735,-0.00197845
955,-0.120195,-0.00534284,0,-0.0020057
956,-0.11342,-0.00213714,0,-0.00201897
957,-0.13488,-0.00534284,0,-0.00194961
958,-0.141008,-0.00534284,0,-0.0019006
959,-0.116985,-0.00427428,0,-0.0019195
960,-0.133222,-0.00534284,0,-0.00196496
961,-0.124193,-0.00534284,0,-0.00197833
962,-0.123201,-0.00106857,0,-0.0019639
963,-0.0960479,-0.00427428,0,-0.00193068
964,-0.110912,-0.00320571,0,-0.00182455
965,-0.118144,-0.00534284,0,-0.00177845
966,-0.129987,-0.00427428,0,-0.00176654
967,-0.13184,-0.00427428,0,-0.00177376
968,-0.112898,-0.00427428,0,-0.00181398
969,-0.127363,-0.00534284,0,-0.00179415
970,-0.129079,-0.00213714,-0.240735,-0.00181928
971,-0.106584,-0.00427428,0,-0.00182079
972,-0.0910225,-0.00427428,0,-0.00177201
973,-0.104984,-0.00534284,0,-0.00172513
974,-0.112791,-0.00213714,0,-0.00163475
975,-0.131094,-0.00427428,-0.240735,-0.00162486
976,-0.109342,-0.00427428,0,-0.00174906
977,-0.0997069,-0.00427428,0,-0.00185232
978,-0.0900108,-0.00213714,0.240735,-0.00188875
979,-0.125524,-0.00427428,0,-0.00187267
980,-0.11821,-0.00534284,0,-0.00189127
981,-0.125829,-0.00320571,0,-0.00193634
982,-0.103157,-0.00106857,0,-0.00190252
983,-0.122515,-0.00534284,-0.240735,-0.00175007
984,-0.109327,-0.00427428,0,-0.00165672
985,-0.107757,-0.00534284,0,-0.00164704
986,-0.11721,-0.00427428,0,-0.00160692
987,-0.127585,-0.00534284,0,-0.00161314
988,-0.0926825,-0.00534284,0,-0.0016185
989,-0.0597659,-0.00427428,0.240735,-0.00158681
990,-0.134093,-0.00427428,-0.240735,-0.00149742
991,-0.0792368,-0.00534284,0,-0.00142942
992,-0.0903832,-0.00427428,0,-0.00142711
993,-0.0570246,-0.00427428,0.240735,-0.00142189
994,-0.075324,-0.00534284,0,-0.00139222
995,-0.114915,-0.00427428,-0.240735,-0.00135653
996,-0.0690317,-0.00427428,0,-0.00139936
997,-0.0777093,-0.00534284,0,-0.00141377
998,-0.0239018,-0.00534284,0.240735,-0.00135445
999,-0.0604213,-0.00427428,0.240735,-0.00129366
1000,-0.117257,-0.00213714,-0.240735,-0.00128533
1001,-0.0856067,-0.00320571,0,-0.00133787
1002,-0.0850435,-0.00534284,0,-0.00141521
1003,-0.0824019,-0.00534284,0,-0.0014689
1004,-0.0917219,-0.00213714,0,-0.00150582
1005,-0.132063,-0.00106857,-0.240735,-0.00159291
1006,-0.130237,-0.00641141,-0.240735,-0.00162556
1007,-0.0931684,-0.00534284,0,-0.00162557
1008,-0.109819,-0.00320571,0,-0.00159149
1009,-0.109967,-0.00213714,0,-0.00151469
1010,-0.130741,-0.00213714,0,-0.00149456
1011,-0.0931756,-0.00427428,0,-0.00150065
1012,-0.102523,-0.00534284,0,-0.00151823
1013,-0.101377,-0.00534284,0,-0.00154103
1014,-0.0979979,-0.00534284,0,-0.00153792
1015,-0.0936101,-0.00213714,0,-0.00150039
1016,-0.091587,-0.00534284,0,-0.00146437
1017,-0.0902938,-0.00320571,0,-0.00145213
1018,-0.0910212,-0.00213714,0,-0.00145614
1019,-0.08803,-0.00213714,0,-0.00148499
1020,-0.0876661,-0.00213714,0,-0.0014797
1021,-0.115897,-0.00320571,-0.240735,-0.00139714
1022,-0.0888673,-0.00427428,0,-0.00137215
1023,-0.071556,-0.00534284,0,-0.00136371
1024,-0.070424,-0.00427428,0,-0.00128802
1025,-0.078733,-0.00213714,-0.240735,-0.00119192
1026,-0.0543846,-0.00106857,0,-0.00106119
1027,-0.0594558,-0.00320571,0,-0.000930999
1028,-0.0730272,0,0,-0.00090476
1029,-0.0910407,-0.00213714,-0.240735,-0.000995951
1030,-0.0694997,-0.00427428,0,-0.00111664
1031,-0.0801631,-0.00427428,-0.240735,-0.00116009
1032,-0.0597163,-0.00854855,0,-0.00115852
1033,-0.0548907,-0.00534284,0,-0.00110146
1034,-0.0518326,-0.00534284,0.240735,-0.00102391
1035,-0.0859017,-0.00213714,0,-0.000999987
1036,-0.105788,-0.00320571,0,-0.00100642
1037,-0.0854253,-0.00427428,0,-0.00107202
1038,-0.0817984,-0.00534284,-0.240735,-0.00113125
1039,-0.0510882,-0.00427428,0,-0.00113167
1040,-0.019158,-0.00427428,0.240735,-0.00107485
1041,-0.0735039,-0.00534284,0,-0.00100382
1042,-0.0882868,-0.00534284,0,-0.00102153
1043,-0.0429977,-0.00427428,0.240735,-0.00109933
1044,-0.120472,-0.00213714,-0.240735,-0.00110181
1045,-0.058633,-0.00427428,0,-0.00115591
1046,-0.0608293,-0.00534284,0,-0.00122078
1047,-0.0532905,-0.00213714,0,-0.00119662
1048,-0.0811447,-0.00534284,-0.240735,-0.00109541
1049,-0.0613504,-0.00106857,0,-0.000998051
1050,-0.0788892,-0.00213714,0,-0.000944003
1051,-0.077252,-0.00427428,0,-0.000860955
1052,-0.0448459,-0.00320571,0,-0.00082368
1053,-0.048884,-0.00320571,0,-0.000856123
1054,-0.0591378,0,-0.240735,-0.000840974
1055,-0.0250409,-0.00427428,0,-0.000739468
1056,-0.0111057,0,0,-0.000609067
1057,-0.0557431,-0.00213714,-0.240735,-0.000508623
1058,-0.0222891,-0.00320571,0.240735,-0.000515032
1059,-0.0432264,-0.00427428,0,-0.000615868
1060,-0.0466126,-0.00106857,0,-0.000671723
1061,-0.0749662,-0.00213714,-0.240735,-0.000689653
1062,-0.0258719,-0.00534284,0,-0.00075814
1063,-0.02572,-0.00534284,0,-0.00074935
1064,-0.0266214,-0.00534284,0.240735,-0.000762321
1065,-0.0642882,-0.00534284,0,-0.000790752
1066,-0.029586,-0.00427428,0.240735,-0.000759401
1067,-0.0656785,-0.00427428,0,-0.000824144
1068,-0.0517105,-0.00427428,0,-0.000903834
1069,-0.0481269,-0.00427428,0,-0.00097013
1070,-0.0176322,-0.00427428,0.240735,-0.00100659
1071,-0.0693964,-0.00427428,-0.240735,-0.000996837
1072,-0.0626879,-0.00320571,0,-0.00104383
1073,-0.0639894,-0.00427428,0,-0.00109568
1074,-0.0691736,-0.00427428,0,-0.00103951
1075,-0.0251688,-0.00534284,0.240735,-0.000997813
1076,-0.067717,-0.00106857,0,-0.000952511
1077,-0.0892593,-0.00534284,0,-0.000884339
1078,-0.0586376,-0.00427428,0,-0.000912513
1079,-0.0671361,-0.00747998,0,-0.00097696
1080,-0.104052,-0.00427428,-0.240735,-0.00104052
1081,-0.089011,-0.00213714,0,-0.00109129
1082,-0.0564067,-0.00427428,0,-0.00108404
1083,-0.078618,-0.00213714,0,-0.00106508
1084,-0.0586134,-0.00427428,0,-0.00108325
1085,-0.0491843,-0.00534284,0,-0.00111712
1086,-0.0444385,-0.00213714,0,-0.00112702
1087,-0.0371454,-0.00106857,0,-0.00106696
1088,-0.0340937,-0.00534284,0,-0.00100939
1089,-0.0368472,-0.00534284,0,-0.0010034
1090,-0.0531329,-0.00106857,0,-0.00101666
1091,-0.0623593,-0.00427428,0,-0.00103905
1092,-0.0688424,-0.00534284,-0.240735,-0.00106116
1093,-0.0639573,-0.00320571,0,-0.00100967
1094,-0.0635862,-0.00534284,0,-0.000938463
1095,-0.0615431,-0.00427428,0,-0.000921892
1096,-0.112929,-0.00427428,-0.240735,-0.000932818
1097,-0.0379578,-0.00320571,0.240735,-0.000993091
1098,-0.102162,-0.00427428,-0.240735,-0.00109198
1099,-0.059145,-0.00427428,0,-0.0011502
1100,-0.0588307,-0.00213714,0,-0.00113905
1101,-0.0579265,-0.00534284,0,-0.00111931
1102,-0.0555217,-0.00961712,0,-0.00107774
1103,-0.0754742,-0.00961712,0,-0.000999592
1104,-0.0566814,-0.00213714,0,-0.000949849
1105,-0.110433,-0.00320571,-0.240735,-0.00098203
1106,-0.0399183,-0.00534284,0,-0.00106125
1107,-0.0510396,-0.00641141,0,-0.00114412
1108,-0.0243966,-0.00534284,0.240735,-0.00115108
1109,-0.0547314,-0.00427428,0,-0.00105308
1110,-0.0755528,-0.00854855,-0.240735,-0.000961398
1111,-0.0508017,-0.00427428,0,-0.000897189
1112,-0.0555054,-0.00534284,0,-0.00081429
1113,-0.028731,-0.00534284,0,-0.000766845
1114,-0.0535781,-0.00534284,-0.240735,-0.000792971
1115,-0.0364361,-0.00320571,0,-0.000826327
1116,-0.0443041,-0.00534284,0,-0.000868439
1117,-0.0429768,-0.00106857,0,-0.000868865
1118,-0.0733682,-0.00427428,-0.240735,-0.000817745
1119,-0.0547754,-0.00213714,0,-0.000803669
1120,-0.0260847,-0.00213714,0,-0.000728337
1121,-0.033656,-0.00320571,0,-0.000601624
1122,-0.028251,-0.00534284,0,-0.000575612
1123,-0.0385729,-0.00320571,0,-0.000620533
1124,-0.0490291,-0.00427428,0,-0.000700307
1125,-0.0434151,-0.00106857,0,-0.000750218
1126,-0.0425373,-0.00427428,0.240735,-0.000789941
1127,-0.0499525,-0.00427428,0,-0.000845349
1128,-0.0757013,-0.00534284,0,-0.000884451
1129,-0.0532972,-0.00534284,0,-0.000926923
1130,-0.034555,-0.00961712,0,-0.000956879
1131,-0.0372409,-0.00427428,0,-0.000956482
1132,-0.0543212,-0.00320571,0,-0.000935244
1133,-0.0547262,-0.00534284,0,-0.000927976
1134,-0.0469181,-0.00427428,0,-0.000939378
1135,-0.0487982,-0.00427428,0,-0.00102596
1136,-0.0479946,-0.00534284,0,-0.00109981
1137,-0.0289075,-0.00106857,0,-0.00110501
1138,-0.0458977,-0.00427428,0,-0.00104955
1139,-0.0436555,-0.00427428,0,-0.000937963
1140,-0.0402028,0,0,-0.000848238
1141,-0.0474387,-0.00534284,0,-0.00083509
1142,-0.0550637,-0.00320571,0,-0.000853925
1143,-0.0598296,-0.00213714,0,-0.000903537
1144,-0.0723513,-0.00534284,0,-0.00103969
1145,-0.0705109,-0.00213714,0,-0.00117083
1146,-0.0652427,-0.00320571,0,-0.00123894
1147,-0.100142,-0.00320571,0,-0.00128618
1148,-0.0920244,-0.00106857,0,-0.00135887
1149,-0.111679,-0.00427428,0,-0.00135535
1150,-0.0778698,-0.00320571,0.240735,-0.0013699
1151,-0.082055,-0.00320571,0,-0.00135856
1152,-0.0720007,-0.00427428,0,-0.00133728
1153,-0.0814747,-0.00427428,0,-0.00137644
1154,-0.113787,-0.00320571,0,-0.00144526
1155,-0.0867532,-0.00534284,0,-0.0015059
1156,-0.0954014,-0.00534284,0,-0.00151988
1157,-0.082658,-0.00427428,0,-0.00155817
1158,-0.0770013,-0.00320571,0,-0.00155481
1159,-0.0814769,-0.00534284,0,-0.00147518
1160,-0.0837477,-0.00534284,0,-0.00139636
1161,-0.102529,-0.00320571,-0.240735,-0.00138027
1162,-0.0734931,-0.00427428,0,-0.00146428
1163,-0.0911617,-0.00427428,0,-0.00155031
1164,-0.0755619,-0.00213714,0,-0.00153387
1165,-0.116779,-0.00427428,-0.240735,-0.00149551
1166,-0.0899415,-0.00534284,0,-0.00146675
1167,-0.0986602,-0.00534284,0,-0.00148834
1168,-0.0862449,-0.00534284,0.240735,-0.00153784
1169,-0.102557,-0.00320571,0,-0.00151215
1170,-0.136133,-0.00427428,-0.240735,-0.0014613
1171,-0.0888425,-0.00427428,0,-0.00149682
1172,-0.112844,-0.00534284,0,-0.00160262
1173,-0.118496,-0.00106857,0,-0.00168487
1174,-0.11026,-0.00534284,0,-0.00170319
1175,-0.111587,-0.00320571,0,-0.00172909
1176,-0.145403,-0.00534284,-0.240735,-0.00176729
1177,-0.120463,-0.00427428,0,-0.00177929
1178,-0.12453,-0.00534284,0,-0.00177267
1179,-0.122661,-0.00427428,-0.240735,-0.00174561
1180,-0.110661,-0.00320571,0,-0.00170903
1181,-0.0979632,-0.00534284,0.240735,-0.00174126
1182,-0.112883,-0.00320571,0,-0.00176112
1183,-0.111225,-0.00427428,0,-0.00176331
1184,-0.054552,-0.00534284,0.240735,-0.00181363
1185,-0.0864286,-0.00427428,0,-0.00183677
1186,-0.115476,-0.00320571,0,-0.00179226
1187,-0.120512,-0.00320571,0,-0.00175368
1188,-0.112455,-0.00534284,0,-0.00176804
1189,-0.0941236,-0.00427428,0,-0.00171843
1190,-0.109641,-0.00320571,0,-0.00161523
1191,-0.111745,-0.00534284,0,-0.00158005
1192,-0.107293,-0.00427428,0,-0.00161397
1193,-0.103941,-0.00320571,0,-0.00172311
1194,-0.118121,-0.00106857,0,-0.00184392
1195,-0.104206,-0.00534284,0,-0.00187831
1196,-0.104393,-0.00427428,0,-0.00185471
1197,-0.109282,-0.00427428,0,-0.00180741
1198,-0.15712,-0.00106857,-0.240735,-0.00182592
1199,-0.140019,-0.00427428,0,-0.00187962
1200,-0.126293,-0.00427428,0,-0.00189044
1201,-0.135984,-0.00213714,0,-0.00193277
1202,-0.118245,-0.00961712,0,-0.00197075
1203,-0.139187,-0.00213714,-0.240735,-0.0019532
1204,-0.119774,-0.00106857,0,-0.0019206
1205,-0.0967427,-0.00534284,0,-0.00190789
1206,-0.115772,-0.00534284,0,-0.0019216
1207,-0.139244,-0.00106857,0,-0.00196047
1208,-0.138379,-0.00427428,0,-0.00201368
1209,-0.127711,-0.00320571,0,-0.00202952
1210,-0.118108,-0.00534284,0,-0.00196218
1211,-0.104273,-0.00320571,0,-0.00183981
1212,-0.112311,-0.00854855,0,-0.00172647
1213,-0.101055,-0.00213714,0.240735,-0.00169414
1214,-0.125416,-0.00320571,0,-0.00175266
1215,-0.135339,-0.00534284,0,-0.00182469
1216,-0.125498,-0.00534284,0,-0.00197101
1217,-0.132141,-0.00747998,0,-0.00212031
1218,-0.117871,-0.00320571,0,-0.00213639
1219,-0.109636,-0.00106857,0,-0.00199023
1220,-0.110471,-0.00427428,0,-0.00183787
1221,-0.13287,-0.00534284,0,-0.00181508
1222,-0.141142,-0.00534284,0,-0.00186305
1223,-0.125094,-0.00427428,0,-0.00195196
1224,-0.140407,-0.00427428,0,-0.00198397
1225,-0.117406,-0.00641141,0,-0.00194537
1226,-0.113901,-0.00427428,0,-0.00190095
1227,-0.13098,-0.00320571,0,-0.00194549
1228,-0.0904065,-0.00427428,0.240735,-0.00199979
1229,-0.151088,-0.00320571,0,-0.00191568
1230,-0.129743,-0.00427428,0,-0.00192092
1231,-0.144446,-0.00213714,0,-0.00200985
1232,-0.135774,-0.00427428,0,-0.00202841
1233,-0.123571,0,0,-0.00206799
1234,-0.131337,-0.00427428,0,-0.00210204
1235,-0.12247,-0.00534284,0,-0.00213093
1236,-0.126908,-0.00320571,0,-0.00212312
1237,-0.154481,-0.00320571,-0.240735,-0.00199809
1238,-0.140682,-0.00320571,-0.240735,-0.00188283
1239,-0.105091,-0.00106857,0,-0.00179907
1240,-0.125447,-0.00854855,0,-0.00177943
1241,-0.151997,-0.00320571,0,-0.00187626
1242,-0.14509,0,0,-0.00197973
1243,-0.184732,-0.00427428,-0.240735,-0.00205006
1244,-0.135311,-0.00106857,0,-0.00210722
1245,-0.138443,-0.00427428,0,-0.00212648
1246,-0.134801,-0.00534284,0,-0.00206031
1247,-0.135137,-0.00213714,0,-0.00201257
1248,-0.146451,-0.00320571,0,-0.00201271
1249,-0.175445,-0.00534284,-0.240735,-0.00204652
1250,-0.132819,-0.00427428,0,-0.00213676
1251,-0.124204,-0.00427428,0,-0.00216274
1252,-0.119691,-0.00320571,0,-0.00212339
1253,-0.115204,-0.00534284,0,-0.00213706
1254,-0.137396,-0.00213714,0,-0.00214415
1255,-0.125927,-0.00320571,0,-0.00206279
1256,-0.100895,-0.00427428,0.240735,-0.00194843
1257,-0.123932,-0.00641141,0,-0.00188899
1258,-0.112966,-0.00534284,0,-0.00188076
1259,-0.11213,0,0,-0.00185543
1260,-0.0948867,-0.00320571,0,-0.00173612
1261,-0.0951616,-0.00213714,0,-0.00165458
1262,-0.119336,-0.00320571,0,-0.00164444
1263,-0.0980926,-0.00213714,0,-0.001638
1264,-0.146912,-0.00427428,-0.240735,-0.00163132
1265,-0.110444,-0.00534284,0,-0.00167298
1266,-0.11755,-0.00427428,-0.240735,-0.00167782
1267,-0.105208,-0.00427428,0,-0.00158362
1268,-0.0889322,-0.00427428,0,-0.00147838
1269,-0.0909636,-0.00320571,0,-0.00140924
1270,-0.0994162,-0.00213714,0,-0.00136773
1271,-0.0973566,-0.0106857,0,-0.0013575
1272,-0.0999442,-0.00213714,0,-0.00147412
1273,-0.0844201,-0.00427428,0,-0.00155749
1274,-0.0664068,-0.00534284,0,-0.00156515
1275,-0.076496,-0.00213714,0,-0.00156062
1276,-0.0932254,-0.00213714,0,-0.0015277
1277,-0.0750489,-0.00320571,0,-0.00146718
1278,-0.0857351,-0.00534284,0,-0.00139896
1279,-0.12209,-0.00641141,-0.240735,-0.00139514
1280,-0.0791307,-0.00747998,0,-0.00143446
1281,-0.0986278,-0.00534284,0,-0.00148129
1282,-0.0833172,-0.00213714,0,-0.00147564
1283,-0.0927835,-0.00427428,0,-0.0014423
1284,-0.0468429,-0.00534284,0.240735,-0.0014185
1285,-0.089309,-0.00534284,0,-0.00134568
1286,-0.100738,-0.00213714,0,-0.00131459
1287,-0.0975715,-0.00320571,0,-0.00142643
1288,-0.12545,-0.00534284,-0.240735,-0.00155589
1289,-0.0403671,-0.00427428,0.240735,-0.00153483
1290,-0.102149,-0.00213714,0,-0.0015062
1291,-0.0885833,-0.00213714,0,-0.00150621
1292,-0.0884945,-0.00427428,0,-0.00144569
1293,-0.0962467,-0.00854855,0,-0.00141374
1294,-0.0691122,-0.00747998,0.240735,-0.00141355
1295,-0.0888135,-0.00534284,0,-0.0014964
1296,-0.101726,-0.00213714,0,-0.0015856
1297,-0.0616517,-0.00213714,0.240735,-0.00160767
1298,-0.0842983,-0.00427428,0,-0.00165442
1299,-0.10862,0,0,-0.00166618
1300,-0.111829,-0.00534284,0,-0.00164706
1301,-0.0947259,-0.00427428,0,-0.00163507
1302,-0.104085,-0.00427428,0,-0.00161993
1303,-0.100439,-0.00534284,0,-0.00155371
1304,-0.113112,-0.00534284,0,-0.00148808
1305,-0.126914,-0.00534284,0,-0.00152441
1306,-0.0937375,-0.00106857,0,-0.00155489
1307,-0.0812405,-0.00106857,0,-0.00147174
1308,-0.0888603,-0.00427428,0,-0.00133915
1309,-0.105722,-0.00534284,-0.240735,-0.00134778
1310,-0.0878109,-0.00534284,0,-0.00138968
1311,-0.0927071,-0.00427428,0,-0.00136223
1312,-0.0609084,-0.00427428,0.240735,-0.00137313
1313,-0.0982324,-0.00427428,0,-0.00140973
1314,-0.0928806,-0.00427428,0,-0.0014503
1315,-0.048285,-0.00534284,0.240735,-0.00145922
1316,-0.072148,-0.00641141,0,-0.00140523
1317,-0.061296,-0.00213714,0,-0.00129995
1318,-0.0805949,-0.00213714,0,-0.00123861
1319,-0.0918737,-0.00106857,0,-0.0012843
1320,-0.0856463,-0.00427428,0,-0.00135818
1321,-0.0982458,-0.00534284,0,-0.00139676
1322,-0.0599168,-0.00320571,0.240735,-0.0013916
1323,-0.105748,-0.00213714,-0.240735,-0.00134157
1324,-0.0791449,-0.00427428,0,-0.00130964
1325,-0.0890107,-0.00320571,0,-0.0012887
1326,-0.099286,-0.00213714,0,-0.00125398
1327,-0.0957263,-0.00320571,0,-0.00123508
1328,-0.0537834,0,0.240735,-0.00128919
1329,-0.0461688,-0.00213714,0.240735,-0.00132315
1330,-0.0891289,-0.00427428,0,-0.00129042
1331,-0.083777,-0.00213714,0,-0.00129808
1332,-0.0662343,-0.00534284,0,-0.00126653
1333,-0.0628706,-0.00534284,0,-0.00122416
1334,-0.0641713,-0.00320571,0,-0.00121019
1335,-0.0534173,-0.00534284,0,-0.00115898
1336,-0.0710172,-0.00106857,0,-0.0011124
1337,-0.0869184,0,0,-0.00117271
1338,-0.10977,-0.00213714,-0.240735,-0.00122244
1339,-0.0579109,-0.00427428,0,-0.00121779
1340,-0.0692159,-0.00427428,0,-0.00123095
1341,-0.0720851,-0.00427428,0,-0.00118058
1342,-0.0785176,-0.00320571,0,-0.001136
1343,-0.080225,-0.00320571,0,-0.00116743
1344,-0.0892231,-0.00534284,0,-0.00126547
1345,-0.089467,-0.00213714,0,-0.00136772
1346,-0.116194,-0.00427428,-0.240735,-0.0014212
1347,-0.0692816,-0.00427428,0,-0.00140958
1348,-0.111025,-0.00427428,-0.240735,-0.00139863
1349,-0.0906287,-0.00854855,0,-0.00141753
1350,-0.0493085,-0.00320571,0.240735,-0.00139516
1351,-0.102593,-0.00106857,0,-0.0014337
1352,-0.105112,-0.00534284,0,-0.00150984
1353,-0.109953,-0.00427428,0,-0.00155396
1354,-0.0809683,-0.00427428,0,-0.0016257
1355,-0.0907892,-0.00427428,0,-0.00165017
1356,-0.118525,-0.00320571,-0.240735,-0.00161305
1357,-0.084785,-0.00427428,0,-0.00155622
1358,-0.108924,-0.00534284,0,-0.0015061
1359,-0.098303,-0.00320571,0,-0.00137786
1360,-0.10191,0,0,-0.00126584
1361,-0.094158,-0.00427428,0,-0.0012978
1362,-0.0868705,-0.00427428,0,-0.00134968
1363,-0.100518,-0.00534284,0,-0.00140351
1364,-0.0645935,-0.00534284,0,-0.00144006
1365,-0.0534156,-0.00534284,0,-0.00142874
1366,-0.0711105,-0.00427428,0,-0.00133091
1367,-0.0619015,-0.00106857,0,-0.00122322
1368,-0.0575636,-0.00213714,0,-0.00115351
1369,-0.0826845,-0.00320571,-0.240735,-0.00105202
1370,-0.0720933,-0.00427428,0,-0.00103594
1371,-0.0593979,-0.00534284,0,-0.00109466
1372,-0.0827986,-0.00213714,0,-0.00111934
1373,-0.0841005,-0.00534284,0,-0.0011317
1374,-0.0808326,-0.00534284,0,-0.00114337
1375,-0.0945376,-0.00320571,0,-0.00115856
1376,-0.0657761,-0.00534284,0,-0.00114142
1377,-0.0860109,-0.00320571,0,-0.00114634
1378,-0.0697111,-0.00213714,0,-0.00117894
1379,-0.105772,-0.00106857,-0.240735,-0.001184
1380,-0.0780796,-0.00427428,0,-0.00126781
1381,-0.0724275,-0.00534284,0,-0.00136323
1382,-0.056238,-0.00427428,0.240735,-0.00133807
1383,-0.0484425,-0.00213714,0.240735,-0.00124437
1384,-0.109607,-0.00427428,-0.240735,-0.00120691
1385,-0.0774628,-0.00534284,0,-0.00127858
1386,-0.0865519,-0.00427428,0,-0.00135162
1387,-0.0523407,-0.00320571,0.240735,-0.00138006
1388,-0.0847319,-0.00534284,0,-0.00139094
1389,-0.114203,-0.00320571,-0.240735,-0.00135932
1390,-0.0776408,-0.00427428,0,-0.00125485
1391,-0.0978264,-0.00320571,-0.240735,-0.0011605
1392,-0.0952458,-0.00534284,0,-0.00124125
1393,-0.0855588,-0.00320571,0,-0.00140297
1394,-0.0831115,-0.00427428,0,-0.00142658
1395,-0.125254,-0.00213714,-0.240735,-0.00140828
1396,-0.0883073,-0.00427428,0,-0.00147587
1397,-0.0872578,-0.00427428,0,-0.00151324
1398,-0.125767,-0.00427428,-0.240735,-0.00156051
1399,-0.0896986,-0.00427428,0,-0.00166062
1400,-0.107018,-0.00534284,0,-0.00166918
1401,-0.122776,-0.00320571,0,-0.00164186
1402,-0.0826753,-0.00320571,0,-0.00161764
1403,-0.104975,-0.00106857,0,-0.00158681
1404,-0.125776,-0.00534284,-0.240735,-0.00160012
1405,-0.1023,-0.00534284,0,-0.00163342
1406,-0.0928738,-0.00534284,0,-0.00167393
1407,-0.0841894,-0.00106857,0,-0.00163967
1408,-0.0864079,-0.00427428,0,-0.00156667
1409,-0.0932274,-0.00320571,0,-0.00149482
1410,-0.0837156,-0.00427428,0,-0.00136299
1411,-0.0847816,-0.00427428,0,-0.00137192
1412,-0.103936,-0.00427428,0,-0.00144009
1413,-0.0817383,-0.00106857,0,-0.00147898
1414,-0.131253,-0.00106857,-0.240735,-0.00151532
1415,-0.09493,-0.00427428,0,-0.00151302
1416,-0.105889,-0.00427428,0,-0.00154089
1417,-0.0933857,-0.00320571,0,-0.00156293
1418,-0.107682,-0.00427428,0,-0.00156698
1419,-0.098153,-0.00320571,0,-0.00150728
1420,-0.0948451,-0.00534284,0,-0.00151836
1421,-0.090302,-0.00534284,0,-0.00159044
1422,-0.10537,-0.00427428,-0.240735,-0.00158612
1423,-0.0401856,-0.00213714,0.240735,-0.00149271
1424,-0.104645,-0.00320571,-0.240735,-0.00133868
1425,-0.08646,-0.00320571,0,-0.0013108
1426,-0.107466,-0.00641141,0,-0.00135327
1427,-0.113984,-0.00534284,-0.240735,-0.00135613
1428,-0.0814425,-0.00213714,0,-0.00132333
1429,-0.0883098,-0.00534284,0,-0.00135088
1430,-0.119278,-0.00427428,-0.240735,-0.00140685
1431,-0.106684,-0.00427428,0,-0.00137479
1432,-0.0748004,-0.00534284,0,-0.00139118
1433,-0.0998769,-0.00534284,0,-0.0014205
1434,-0.0881883,-0.00320571,0,-0.00138859
1435,-0.0894886,-0.00320571,0,-0.00138119
1436,-0.0452007,-0.00427428,0.240735,-0.0013946
1437,-0.0985003,-0.00427428,0,-0.00133467
1438,-0.0749178,-0.00320571,0,-0.00131393
1439,-0.0642567,-0.00106857,0,-0.00133645
1440,-0.0872284,-0.00213714,0,-0.00133514
1441,-0.0619452,-0.00106857,0,-0.0013094
1442,-0.0961936,-0.00534284,-0.240735,-0.00127492
1443,-0.0759827,-0.00320571,0,-0.00130968
1444,-0.0792303,0,0,-0.00124508
1445,-0.0657303,-0.00427428,0,-0.00115391
1446,-0.0847717,-0.00213714,0,-0.00118095
1447,-0.0938801,-0.00747998,0,-0.00121479
1448,-0.0703276,-0.00213714,0,-0.00123397
1449,-0.0858372,-0.00427428,0,-0.00122936
1450,-0.0738341,-0.00213714,0,-0.00117971
1451,-0.091162,-0.00213714,-0.240735,-0.00114906
1452,-0.061802,-0.00427428,0,-0.00118229
1453,-0.0679238,-0.00427428,0,-0.00118583
1454,-0.092824,-0.00106857,0,-0.00114678
1455,-0.0808175,-0.00534284,0,-0.00115631
1456,-0.0860518,-0.00427428,0,-0.00125222
1457,-0.0858433,-0.00427428,0,-0.00137421
1458,-0.0674113,-0.00534284,0,-0.001435
1459,-0.0771521,-0.00427428,0,-0.00147146
1460,-0.0760153,-0.00534284,0,-0.00138912
1461,-0.106684,-0.00427428,-0.240735,-0.0012894
1462,-0.0687775,-0.00213714,0,-0.00127722
1463,-0.0819341,-0.00534284,0,-0.00117914
1464,-0.0814204,-0.00427428,0,-0.0010927
1465,-0.062458,-0.00320571,0,-0.00106681
1466,-0.073132,-0.00534284,0,-0.00110369
1467,-0.107834,-0.00213714,-0.240735,-0.001214
1468,-0.0436777,-0.00213714,0.240735,-0.00124741
1469,-0.0779684,-0.00213714,0,-0.00116091
1470,-0.0452561,-0.00534284,0.240735,-0.00114536
1471,-0.0727122,-0.00427428,0,-0.00117655
1472,-0.109743,-0.00427428,-0.240735,-0.0011694
1473,-0.0738004,-0.00427428,0,-0.00129767
1474,-0.0881235,-0.00641141,0,-0.00144029
1475,-0.106899,-0.00427428,-0.240735,-0.00148993
1476,-0.083539,-0.00427428,0,-0.00147228
1477,-0.087396,-0.00320571,0,-0.00147577
1478,-0.135725,-0.00427428,-0.240735,-0.00154749
1479,-0.106498,0,0,-0.00159582
1480,-0.141613,-0.00427428,-0.240735,-0.00157395
1481,-0.126478,-0.00534284,-0.240735,-0.00161033
1482,-0.0721298,-0.00213714,0.240735,-0.00172067
1483,-0.111906,-0.00534284,0,-0.00170082
1484,-0.0973314,-0.00213714,0,-0.00167299
1485,-0.111794,-0.00320571,0,-0.0016663
1486,-0.102556,-0.00534284,0,-0.00159109
1487,-0.0944329,-0.00534284,0,-0.00151895
1488,-0.0633507,-0.00427428,0.240735,-0.00151395
1489,-0.0738256,-0.00534284,0,-0.00146912
1490,-0.077153,-0.00427428,0,-0.00139252
1491,-0.112983,-0.00534284,-0.240735,-0.00142053
1492,-0.0684018,-0.00534284,0,-0.001456
1493,-0.0737107,-0.00320571,0,-0.00139507
1494,-0.081133,-0.00427428,0,-0.00135173
1495,-0.0858245,-0.00534284,0,-0.00138052
1496,-0.0869903,-0.00427428,0,-0.0013909
1497,-0.0828505,-0.00641141,0,-0.00131092
1498,-0.0866404,-0.00320571,0,-0.00135291
1499,-0.0860056,-0.00427428,0,-0.00147528
1500,-0.100927,-0.00427428,0,-0.00145553
1501,-0.0920252,-0.00213714,0,-0.00142469
1502,-0.0820156,-0.00427428,0,-0.00142379
1503,-0.0807871,-0.00106857,0,-0.0014454
1504,-0.0936856,-0.00213714,0,-0.00146201
1505,-0.0918439,-0.00427428,0,-0.00148127
1506,-0.0914759,-0.00427428,0,-0.0015154
1507,-0.0628434,-0.00427428,0.240735,-0.00153947
1508,-0.104553,-0.00427428,0,-0.00158725
1509,-0.0953381,-0.00106857,0,-0.00162424
1510,-0.103101,-0.00213714,0,-0.00164509
1511,-0.0932002,-0.00427428,0,-0.00162603
1512,-0.0909699,-0.00213714,0,-0.00152778
1513,-0.11678,-0.00427428,-0.240735,-0.00144947
1514,-0.0665237,-0.00534284,0.240735,-0.00144168
1515,-0.107387,-0.00427428,0,-0.00144425
1516,-0.0699226,-0.00534284,0.240735,-0.00147798
1517,-0.118205,-0.00320571,0,-0.00158851
1518,-0.116034,-0.00213714,0,-0.00173458
1519,-0.137229,-0.00534284,-0.240735,-0.00187207
1520,-0.0997289,-0.00534284,0,-0.0018987
1521,-0.0977711,-0.00534284,0,-0.00187022
1522,-0.117697,0,0,-0.00187722
1523,-0.111121,-0.00534284,0,-0.00180786
1524,-0.147127,-0.00427428,-0.240735,-0.00170683
1525,-0.1287,-0.00534284,0,-0.00172807
1526,-0.111238,-0.00427428,0,-0.00177008
1527,-0.115249,-0.00427428,0,-0.0018416
1528,-0.132676,-0.00534284,0,-0.00193069
1529,-0.121376,-0.00427428,0,-0.00193077
1530,-0.121739,-0.00427428,0,-0.0018834
1531,-0.124938,-0.00427428,0,-0.00175886
1532,-0.11803,-0.00320571,0,-0.0017044
1533,-0.14145,-0.00213714,-0.240735,-0.00165054
1534,-0.0964105,-0.00320571,0,-0.00160037
1535,-0.0865379,-0.00320571,0,-0.00163437
1536,-0.102897,-0.00320571,0,-0.00159606
1537,-0.0766788,-0.00427428,0,-0.00156986
1538,-0.0898844,-0.00213714,0,-0.00155804
1539,-0.0957685,-0.00534284,0,-0.00160418
1540,-0.0785857,-0.00106857,0,-0.00165025
1541,-0.109223,-0.00427428,-0.240735,-0.00160272
1542,-0.0912619,-0.00534284,0,-0.00155835
1543,-0.0561279,-0.00427428,0.240735,-0.00153387
1544,-0.0950183,-0.00213714,0,-0.00154063
1545,-0.107551,-0.00320571,0,-0.00158481
1546,-0.116139,-0.00534284,0,-0.00163082
1547,-0.103771,-0.00427428,0,-0.00168115
1548,-0.137673,-0.00427428,-0.240735,-0.00172718
1549,-0.110994,-0.00106857,0,-0.00178627
1550,-0.125174,-0.00106857,0,-0.001861
1551,-0.123785,-0.00534284,0,-0.00186054
1552,-0.130375,-0.00427428,0,-0.00185773
1553,-0.12927,-0.00427428,0,-0.00182191
1554,-0.146848,-0.00641141,0,-0.00179475
1555,-0.114908,-0.00427428,0,-0.00185638
1556,-0.109046,-0.00320571,0,-0.00192242
1557,-0.109516,-0.00213714,0,-0.00194901
1558,-0.106307,-0.00320571,0,-0.00192863
1559,-0.107729,-0.00534284,0,-0.00189667
1560,-0.139556,-0.00427428,-0.240735,-0.00188618
1561,-0.103783,-0.00320571,0,-0.00193795
1562,-0.0754506,-0.00427428,0.240735,-0.00194666
1563,-0.114823,-0.00427428,0,-0.00188147
1564,-0.142569,-0.00320571,0,-0.00180487
1565,-0.153253,-0.00320571,-0.240735,-0.00178939
1566,-0.113708,-0.00427428,0,-0.00185208
1567,-0.11394,-0.00534284,0,-0.00193442
1568,-0.142689,-0.00427428,0,-0.00198428
1569,-0.133606,-0.00427428,0,-0.00195739
1570,-0.132979,-0.00320571,0,-0.00194168
1571,-0.140021,-0.00320571,0,-0.00198494
1572,-0.131267,-0.00213714,0,-0.00203521
1573,-0.141217,-0.00320571,0,-0.00212737
1574,-0.131991,-0.00320571,0,-0.00224973
1575,-0.155628,-0.00427428,0,-0.00233708
1576,-0.12083,-0.00427428,0,-0.00236369
1577,-0.122581,-0.00961712,0,-0.00232995
1578,-0.166036,-0.00106857,-0.240735,-0.00225837
1579,-0.14912,-0.00427428,0,-0.00220289
1580,-0.126499,-0.00427428,0,-0.00213691
1581,-0.133973,-0.00534284,0,-0.00206143
1582,-0.137796,-0.00427428,0,-0.002071
1583,-0.136919,-0.00534284,0,-0.00209772
1584,-0.147112,-0.00427428,0,-0.00212102
1585,-0.144144,-0.00320571,0,-0.00213706
1586,-0.143063,-0.00534284,0,-0.0021279
1587,-0.142707,-0.00427428,0,-0.00219511
1588,-0.138854,-0.00427428,0,-0.00220484
1589,-0.131574,-0.00427428,0,-0.00209891
1590,-0.109684,0,0.240735,-0.00207633
1591,-0.0933811,-0.00320571,0,-0.0020498
1592,-0.124012,-0.00320571,0,-0.00191647
1593,-0.108,-0.00106857,0,-0.00180191
1594,-0.0786989,-0.00534284,0,-0.00169796
1595,-0.0899553,-0.00106857,0,-0.00163146
1596,-0.0834562,-0.00427428,0,-0.00157636
1597,-0.0776595,-0.00534284,0,-0.00144595
1598,-0.0842431,-0.00747998,0,-0.00129828
1599,-0.11557,-0.00427428,-0.240735,-0.00122129
1600,-0.0827991,-0.00213714,0,-0.00127727
1601,-0.0894145,-0.00747998,0,-0.0013538
1602,-0.108801,-0.00427428,0,-0.0013727
1603,-0.0738074,-0.00213714,0,-0.00139647
1604,-0.112272,-0.00213714,-0.240735,-0.00139703
1605,-0.112247,-0.00534284,0,-0.00136362
1606,-0.121681,-0.00106857,-0.240735,-0.00140893
1607,-0.0924113,-0.00213714,0,-0.00146321
1608,-0.076023,-0.00320571,0,-0.00144187
1609,-0.0956245,-0.00427428,0,-0.00137178
1610,-0.0824845,-0.00534284,0,-0.00130559
1611,-0.0894676,-0.00427428,0,-0.00132825
1612,-0.104673,-0.00320571,0,-0.00137842
1613,-0.090876,-0.00320571,0,-0.00148693
1614,-0.069783,-0.00106857,0.240735,-0.00160098
1615,-0.0907348,-0.00641141,0,-0.00161648
1616,-0.112203,-0.00534284,0,-0.00161961
1617,-0.117912,-0.00427428,0,-0.00161714
1618,-0.103962,-0.00320571,0,-0.00165103
1619,-0.119967,-0.00106857,0,-0.00166679
1620,-0.101327,-0.00534284,0,-0.00165217
1621,-0.12819,-0.00534284,0,-0.00174039
1622,-0.124662,-0.00427428,0,-0.00187988
1623,-0.111258,-0.00427428,0,-0.00195462
1624,-0.0730437,-0.00747998,0,-0.00199074
1625,-0.0901661,-0.00320571,0,-0.00198986
1626,-0.0926843,-0.00534284,0,-0.00195412
1627,-0.106156,-0.00320571,0,-0.00195275
1628,-0.0856577,-0.00320571,0.240735,-0.00193727
1629,-0.113766,-0.00534284,0,-0.00186608
1630,-0.132356,-0.00427428,0,-0.00183392
1631,-0.141146,-0.00854855,0,-0.00192892
1632,-0.146742,-0.00534284,0,-0.00203667
1633,-0.124094,-0.00427428,0,-0.00208217
1634,-0.120143,-0.00320571,0,-0.00201152
1635,-0.123132,-0.00427428,0,-0.00187735
1636,-0.122555,-0.00427428,0,-0.00180316
1637,-0.122908,-0.00320571,0,-0.00176222
1638,-0.134955,-0.00534284,0,-0.00182567
1639,-0.110246,-0.00427428,0,-0.00192015
1640,-0.154751,-0.00106857,-0.240735,-0.00192306
1641,-0.144762,-0.00213714,-0.240735,-0.00190273
1642,-0.109169,-0.00213714,0,-0.0019308
1643,-0.110321,-0.00534284,0,-0.00192123
1644,-0.141693,-0.00213714,0,-0.00184476
1645,-0.122789,-0.00320571,0,-0.00176707
1646,-0.117223,-0.00427428,0,-0.00173872
1647,-0.127359,-0.00213714,0,-0.00178752
1648,-0.0891442,-0.00747998,0,-0.00182364
1649,-0.0825282,-0.00534284,0.240735,-0.00181934
1650,-0.0988317,-0.00320571,0,-0.00181985
1651,-0.106979,-0.00106857,0,-0.00177389
1652,-0.0937294,0,0,-0.00171928
1653,-0.119207,-0.00320571,-0.240735,-0.00168877
1654,-0.0716828,-0.00213714,0.240735,-0.00158256
1655,-0.0863139,-0.00534284,0,-0.00147976
1656,-0.110954,-0.00106857,0,-0.00150273
1657,-0.111125,-0.00534284,0,-0.00161709
1658,-0.101079,-0.00534284,0,-0.0017012
1659,-0.0894866,-0.00534284,0,-0.00172334
1660,-0.0775179,-0.00427428,0.240735,-0.00172669
1661,-0.0953316,-0.00427428,0,-0.00171627
1662,-0.0944879,-0.00427428,0,-0.00167109
1663,-0.0669265,-0.00320571,0.240735,-0.00159231
1664,-0.120981,0,0,-0.00156968
1665,-0.098518,-0.00534284,0,-0.00151259
1666,-0.0954251,-0.00534284,0,-0.00141494
1667,-0.0887067,-0.00427428,0,-0.0014093
1668,-0.0733271,-0.00106857,0.240735,-0.00142224
1669,-0.0844586,-0.00534284,0.240735,-0.0013934
1670,-0.0957756,-0.00961712,0,-0.00134108
1671,-0.104271,-0.00427428,0,-0.00135284
1672,-0.113758,-0.00427428,0,-0.00145142
1673,-0.0990829,0,0,-0.00156029
1674,-0.0849169,-0.00320571,0,-0.0016371
1675,-0.120274,-0.00427428,-0.240735,-0.00161875
1676,-0.089143,-0.00534284,0,-0.00159331
1677,-0.0936179,-0.00534284,0,-0.00157947
1678,-0.0902798,-0.00320571,0,-0.00153747
1679,-0.104783,-0.00320571,0,-0.00149189
1680,-0.0899552,-0.00320571,0,-0.00152617
1681,-0.0929476,-0.00534284,0,-0.00166184
1682,-0.0837413,-0.00106857,0,-0.00171212
1683,-0.0747001,-0.00534284,0,-0.00163977
1684,-0.0787384,0,0,-0.00156693
1685,-0.0521891,-0.00534284,0.240735,-0.00148971
1686,-0.110394,-0.00427428,0,-0.00142877
1687,-0.087807,-0.00213714,0,-0.00146201
1688,-0.0953893,-0.00320571,0,-0.00150654
1689,-0.116803,-0.00106857,0,-0.00155495
1690,-0.117572,-0.00427428,0,-0.00157271
1691,-0.0770009,-0.00534284,0.240735,-0.00160731
1692,-0.112849,-0.00320571,0,-0.00164218
1693,-0.132997,-0.00427428,0,-0.00163267
1694,-0.120042,-0.00961712,0,-0.00164156
1695,-0.122435,-0.00534284,0,-0.00159741
1696,-0.0919463,-0.00534284,0,-0.0015354
1697,-0.0979887,-0.00534284,0,-0.00154437
1698,-0.100031,-0.00534284,0,-0.00158066
1699,-0.0963679,-0.00534284,0,-0.00157343
1700,-0.0799204,-0.00534284,0,-0.00156439
1701,-0.0936196,-0.00534284,0,-0.00154659
1702,-0.0540263,0,0.240735,-0.00150329
1703,-0.0862713,-0.00427428,0,-0.00145282
1704,-0.0695456,-0.00534284,0,-0.00140026
1705,-0.0859554,-0.00427428,0,-0.001389
1706,-0.0503526,-0.00534284,0.240735,-0.00143667
1707,-0.0818894,-0.00213714,0,-0.00139564
1708,-0.0716292,-0.00534284,0,-0.00132529
1709,-0.090151,-0.00427428,0,-0.00141057
1710,-0.100422,-0.00213714,0,-0.00149424
1711,-0.0976763,-0.00534284,0,-0.00153324
1712,-0.0786162,-0.00534284,0,-0.00150593
1713,-0.0945833,-0.00747998,-0.240735,-0.001416
1714,-0.0730347,-0.00534284,0,-0.00131284
1715,-0.0900179,-0.00213714,0,-0.00117833
1716,-0.0801642,-0.00534284,0,-0.00110074
1717,-0.0814807,-0.00213714,0,-0.001087
1718,-0.0589037,-0.00427428,0,-0.00102167
1719,-0.0443323,-0.00213714,0,-0.000974133
1720,-0.0270041,-0.00320571,0,-0.000958863
1721,-0.078802,-0.00427428,0,-0.000929573
1722,-0.0789279,-0.00534284,0,-0.000984047
1723,-0.0898898,-0.00106857,0,-0.0010975
1724,-0.0884017,-0.00213714,0,-0.00118771
1725,-0.0701633,-0.00427428,0,-0.00120526
1726,-0.0863938,-0.00213714,0,-0.00119797
1727,-0.0818864,-0.00213714,0,-0.00122451
1728,-0.079081,-0.00320571,0,-0.00127581
1729,-0.0681627,-0.00747998,0,-0.00128801
1730,-0.0737893,-0.00213714,0,-0.00125144
1731,-0.0588818,-0.00427428,0,-0.00122534
1732,-0.0434687,-0.00534284,0,-0.00123136
1733,-0.0856,-0.00534284,-0.240735,-0.00123921
1734,-0.0400923,-0.00427428,0,-0.0012217
1735,-0.0491791,-0.00427428,0,-0.00112363
1736,-0.0757316,-0.00213714,-0.240735,-0.00103638
1737,-0.0737003,-0.00534284,0,-0.0010659
1738,-0.0836578,-0.00213714,0,-0.00115816
1739,-0.102016,-0.00106857,0,-0.00125421
1740,-0.08701,-0.00427428,0,-0.00131881
1741,-0.0827983,-0.00427428,0,-0.00136938
1742,-0.0875994,-0.00106857,0,-0.0013866
1743,-0.0854081,-0.00534284,0,-0.00138762
1744,-0.055517,-0.00534284,0.240735,-0.00134074
1745,-0.0871454,-0.00427428,0,-0.0013471
1746,-0.0886853,-0.00213714,0,-0.00142873
1747,-0.123663,-0.00213714,-0.240735,-0.00147067
1748,-0.0691762,-0.00427428,0,-0.00147385
1749,-0.101993,-0.00427428,-0.240735,-0.0013659
1750,-0.0634015,-0.00534284,0,-0.00122531
1751,-0.0750734,-0.00534284,-0.240735,-0.00105313
1752,-0.0924764,-0.00427428,0,-0.000957475
1753,-0.0937934,-0.00961712,0,-0.000996382
1754,-0.0905217,-0.00534284,0,-0.00106064
1755,-0.0842324,-0.00213714,0,-0.00115994
1756,-0.0210148,-0.00534284,0.240735,-0.00127296
1757,-0.0938122,-0.00213714,-0.240735,-0.00132581
1758,-0.0724143,-0.00106857,0,-0.00133014
1759,-0.0741283,-0.00534284,0,-0.00130902
1760,-0.0735922,-0.00534284,0,-0.00128148
1761,-0.0907631,-0.00427428,0,-0.0012484
1762,-0.0868907,-0.00534284,0,-0.00123153
1763,-0.106011,-0.00534284,-0.240735,-0.00125986
1764,-0.07634,-0.00534284,0,-0.00124908
1765,-0.0678605,-0.00320571,0,-0.00127045
1766,-0.098793,-0.00106857,0,-0.00126654
1767,-0.0695938,-0.00320571,0,-0.00113117
1768,-0.083258,-0.00534284,-0.240735,-0.00102746
1769,-0.0662378,-0.00427428,0,-0.00107575
1770,-0.0856144,-0.00427428,0,-0.00114057
1771,-0.0773685,-0.00427428,0,-0.0011456
1772,-0.070369,-0.00427428,0,-0.00115561
1773,-0.0586251,-0.00427428,0,-0.0011558
1774,-0.0784775,-0.00427428,0,-0.00108936
1775,-0.0465538,-0.00106857,0.240735,-0.00108528
1776,-0.073592,-0.00320571,0,-0.00116303
1777,-0.0898433,-0.00427428,0,-0.00124159
1778,-0.0800284,-0.00534284,0,-0.00137514
1779,-0.0897847,-0.00534284,0,-0.00149737
1780,-0.105685,-0.00427428,-0.240735,-0.00156438
1781,-0.0637164,-0.00427428,0,-0.0015589
1782,-0.0796525,-0.00213714,0,-0.00147495
1783,-0.0760163,-0.00534284,0,-0.00137597
1784,-0.112769,-0.00427428,-0.240735,-0.0012924
1785,-0.0890867,-0.00641141,0,-0.00127006
1786,-0.078658,-0.00213714,0,-0.00126965
1787,-0.0711031,-0.00534284,0,-0.00129132
1788,-0.0818234,-0.00427428,0,-0.00134862
1789,-0.102691,-0.00534284,0,-0.00136932
1790,-0.0972561,-0.00961712,0,-0.00138894
1791,-0.0905321,-0.00320571,0,-0.00144244
1792,-0.0793874,-0.00534284,0,-0.00142503
1793,-0.0575165,0,0.240735,-0.00136325
1794,-0.0965711,-0.00534284,0,-0.00130001
1795,-0.0922728,-0.00427428,0,-0.00129669
1796,-0.097603,-0.00854855,0,-0.00140057
1797,-0.0728311,-0.00427428,0,-0.00147439
1798,-0.0939898,-0.00213714,-0.240735,-0.00142052
1799,-0.0728228,-0.00320571,0,-0.00133608
1800,-0.0829991,-0.00427428,0,-0.00129992
1801,-0.0842228,-0.00320571,0,-0.00125851
1802,-0.0580509,-0.00534284,0.240735,-0.0012131
1803,-0.110462,-0.00320571,-0.240735,-0.00114696
1804,-0.0658306,-0.00427428,0,-0.00112905
1805,-0.0790694,-0.00213714,0,-0.00117693
1806,-0.0553436,-0.00213714,0,-0.00113437
1807,-0.0492649,-0.00534284,0,-0.00105907
1808,-0.0689824,-0.00427428,0,-0.00103015
1809,-0.0534251,-0.00534284,0,-0.00100117
1810,-0.0697562,-0.00534284,0,-0.00105457
1811,-0.0586967,-0.00427428,0,-0.00115026
1812,-0.057612,0.00106857,0,-0.00120028
1813,-0.0495528,-0.00534284,0,-0.00123435
1814,-0.0447115,-0.00213714,0,-0.00123628
1815,-0.0760042,-0.00427428,0,-0.00121787
1816,-0.0623608,-0.00427428,0,-0.001197
1817,-0.0422381,-0.00320571,0,-0.00111475
1818,-0.0633823,-0.00106857,0,-0.0010342
1819,-0.0605257,-0.00427428,0,-0.00100579
1820,-0.0592472,-0.00213714,0,-0.000987186
1821,-0.0700524,-0.00534284,0,-0.000999658
1822,-0.0749323,-0.00213714,0,-0.00111015
1823,-0.0783607,-0.00427428,0,-0.00121268
1824,-0.0780725,-0.00320571,0,-0.00124797
1825,-0.0786564,-0.00747998,0,-0.00122357
1826,-0.0724415,-0.00427428,0,-0.00116603
1827,-0.0985209,-0.00534284,0,-0.00115072
1828,-0.0648342,-0.00427428,0,-0.00112771
1829,-0.0666192,-0.00320571,0,-0.00112078
1830,-0.0674453,-0.00534284,0,-0.00117229
1831,-0.0610266,-0.00213714,0,-0.00121049
1832,-0.0776265,-0.00106857,0,-0.00124148
1833,-0.0743314,-0.00534284,0,-0.00130539
1834,-0.0549238,-0.00427428,0,-0.00134541
1835,-0.101969,-0.00427428,-0.240735,-0.00132606
1836,-0.070487,-0.00320571,0,-0.00126261
1837,-0.0923434,-0.00427428,0,-0.00123191
1838,-0.0873007,-0.00320571,0,-0.00127039
1839,-0.0865086,-0.00106857,0,-0.00129835
1840,-0.0980815,-0.00320571,0,-0.00128909
1841,-0.0999334,-0.00106857,0,-0.00131604
1842,-0.073176,-0.00106857,0.240735,-0.0013674
1843,-0.0879956,-0.00427428,0,-0.00137263
1844,-0.0916759,-0.00213714,0,-0.00136696
1845,-0.0897845,0,0,-0.00143156
1846,-0.094543,-0.00427428,0,-0.00145475
1847,-0.0945715,-0.00106857,0,-0.00146832
1848,-0.107442,-0.00534284,0,-0.00156349
1849,-0.0764575,-0.00534284,0.240735,-0.00165204
1850,-0.12082,-0.00427428,0,-0.00169894
1851,-0.144186,-0.00427428,-0.240735,-0.0018088
1852,-0.0951902,-0.00427428,0,-0.00190504
1853,-0.108295,-0.00534284,0,-0.00187859
1854,-0.0947274,-0.00320571,0,-0.00181276
1855,-0.110256,-0.00427428,0,-0.00170971
1856,-0.124144,-0.00427428,0,-0.00168809
1857,-0.119794,-0.00320571,0,-0.00173665
1858,-0.131771,-0.00320571,-0.240735,-0.00179265
1859,-0.0906894,-0.00427428,0,-0.00189219
1860,-0.109456,-0.00534284,0,-0.00194156
1861,-0.113847,-0.00320571,0,-0.00190675
1862,-0.146353,-0.00427428,-0.240735,-0.0018864
1863,-0.134009,-0.00534284,0,-0.00194352
1864,-0.128315,0,0,-0.00195936
1865,-0.147346,-0.00427428,0,-0.00191385
1866,-0.109351,-0.00106857,0,-0.00193344
1867,-0.135397,-0.00427428,0,-0.00200977
1868,-0.134187,-0.00534284,0,-0.00200532
1869,-0.150264,-0.00534284,0,-0.00200238
1870,-0.148688,-0.00534284,0,-0.00209132
1871,-0.150905,-0.00427428,0,-0.00217622
1872,-0.148971,-0.00534284,0,-0.00222045
1873,-0.146125,-0.00534284,0,-0.0022251
1874,-0.162527,-0.00320571,-0.240735,-0.00218755
1875,-0.13704,-0.00320571,-0.240735,-0.00211279
1876,-0.144566,-0.00427428,0,-0.00209714
1877,-0.140641,-0.00106857,0,-0.00212556
1878,-0.145563,-0.00427428,0,-0.00214454
1879,-0.127538,-0.00747998,0,-0.00217178
1880,-0.154089,-0.00106857,0,-0.00220939
1881,-0.140881,-0.00961712,0,-0.00230015
1882,-0.151136,-0.00320571,0,-0.00233751
1883,-0.154276,-0.00213714,0,-0.00235029
1884,-0.152988,-0.00427428,0,-0.00242368
1885,-0.180405,-0.00427428,0,-0.00247389
1886,-0.153752,-0.00427428,0,-0.00249402
1887,-0.162625,-0.00320571,0,-0.00249811
1888,-0.155056,-0.00320571,0,-0.00249325
1889,-0.164238,-0.00213714,0,-0.00245578
1890,-0.173788,-0.00534284,0,-0.00242367
1891,-0.155896,-0.00534284,0,-0.00245283
1892,-0.147152,-0.00213714,0,-0.00247694
1893,-0.152848,-0.00427428,0,-0.00246112
1894,-0.141526,-0.00534284,0,-0.0024148
1895,-0.162385,-0.00534284,-0.240735,-0.00235
1896,-0.149416,-0.00534284,0,-0.0023059
1897,-0.149668,-0.00213714,0,-0.00227667
1898,-0.141942,-0.00427428,0,-0.00226293
1899,-0.150441,-0.00213714,-0.240735,-0.0022091
1900,-0.133028,-0.00427428,0,-0.00212006
1901,-0.14262,-0.00427428,0,-0.00206881
1902,-0.129424,-0.00320571,0,-0.0020084
1903,-0.128075,-0.00427428,0,-0.00194928
1904,-0.101803,-0.0117543,0.240735,-0.00189584
1905,-0.110961,-0.00213714,0,-0.00181868
1906,-0.113769,-0.00106857,0,-0.00178717
1907,-0.111563,-0.00427428,0,-0.00181428
1908,-0.104775,-0.00427428,0,-0.00183396
1909,-0.0941264,-0.00320571,0,-0.00183034
1910,-0.0590842,-0.00106857,0.240735,-0.00185984
1911,-0.101299,-0.00320571,0,-0.00180969
1912,-0.116445,-0.00427428,0,-0.00178004
1913,-0.12374,-0.00213714,0,-0.00184671
1914,-0.145433,-0.00534284,-0.240735,-0.00190591
1915,-0.110907,-0.00213714,0,-0.00194292
1916,-0.121888,-0.00213714,0,-0.00194479
1917,-0.134488,-0.00427428,0,-0.00193731
1918,-0.133416,-0.00534284,0,-0.00193489
1919,-0.126183,-0.00534284,0,-0.00198097
1920,-0.142781,-0.00854855,0,-0.00196587
1921,-0.129356,-0.00534284,0,-0.00186923
1922,-0.148899,-0.00534284,-0.240735,-0.00182474
1923,-0.13622,-0.00427428,-0.240735,-0.00179816
1924,-0.112683,-0.00320571,0,-0.00174503
1925,-0.123398,-0.00534284,0,-0.0017233
1926,-0.13307,-0.00213714,0,-0.00171928
1927,-0.137151,-0.00534284,0,-0.00173919
1928,-0.158653,-0.00427428,0,-0.00184151
1929,-0.144776,-0.00213714,0,-0.00194227
1930,-0.125973,-0.00534284,0,-0.0020503
1931,-0.112612,-0.00427428,0,-0.00216514
1932,-0.118143,-0.00534284,0,-0.0022193
1933,-0.10809,-0.00320571,0,-0.00219804
1934,-0.0862861,-0.00534284,0,-0.00214396
1935,-0.103318,-0.00427428,-0.240735,-0.00210242
1936,-0.0883002,-0.00213714,0,-0.00202193
1937,-0.0824873,-0.00534284,0,-0.0019176
1938,-0.10265,0,0,-0.00182276
1939,-0.107449,-0.00534284,0,-0.00178732
1940,-0.107415,-0.00427428,0,-0.00175393
1941,-0.125373,-0.00320571,0,-0.00171913
1942,-0.148621,-0.00213714,0,-0.00178107
1943,-0.174119,-0.00427428,0,-0.00188232
1944,-0.129369,-0.00534284,0.240735,-0.00191532
1945,-0.165437,-0.00534284,0,-0.00190733
1946,-0.157223,-0.00320571,0,-0.00193914
1947,-0.143936,-0.00320571,0,-0.00198926
1948,-0.147559,-0.00213714,0,-0.00202224
1949,-0.142672,-0.00213714,0,-0.00206299
1950,-0.15245,-0.00961712,0,-0.00223161
1951,-0.135232,-0.00854855,0,-0.00236928
1952,-0.153239,-0.00427428,0,-0.00235494
1953,-0.158291,-0.00106857,0,-0.00232318
1954,-0.150152,-0.00106857,0,-0.00229687
1955,-0.129554,-0.00213714,0,-0.00228008
1956,-0.14283,-0.00427428,-0.240735,-0.00221678
1957,-0.10517,-0.00213714,0,-0.00213581
1958,-0.114783,-0.00320571,0,-0.00204539
1959,-0.095768,-0.00213714,0,-0.00190687
1960,-0.138894,0,0,-0.00181719
1961,-0.142022,-0.00534284,0,-0.00184955
1962,-0.143587,-0.00534284,0,-0.00192497
1963,-0.151666,-0.00427428,0,-0.00198989
1964,-0.13284,-0.00320571,0,-0.00203837
1965,-0.153652,-0.00213714,-0.240735,-0.00201234
1966,-0.134971,-0.00534284,-0.240735,-0.00190501
1967,-0.0986176,-0.00320571,0,-0.00181015
1968,-0.116905,-0.00320571,0,-0.00175384
1969,-0.111422,-0.00854855,0,-0.00173327
1970,-0.146083,-0.00427428,-0.240735,-0.00177718
1971,-0.105466,-0.00427428,0,-0.00189665
1972,-0.100363,-0.00534284,0,-0.00197373
1973,-0.132444,-0.00534284,-0.240735,-0.00196694
1974,-0.0898845,-0.00534284,0,-0.00192654
1975,-0.103549,-0.00534284,0,-0.00179637
1976,-0.109205,-0.00106857,0,-0.00170101
1977,-0.138416,-0.00320571,0,-0.00167863
1978,-0.117688,-0.00106857,0,-0.00168627
1979,-0.11494,-0.00320571,0,-0.00169892
1980,-0.132502,-0.00213714,0,-0.00178997
1981,-0.153842,-0.00854855,-0.240735,-0.00193616
1982,-0.156561,-0.00427428,-0.240735,-0.00194939
1983,-0.10728,0,0,-0.00196911
1984,-0.150475,-0.00106857,0,-0.00201203
1985,-0.143087,-0.00213714,0,-0.00200323
1986,-0.184576,-0.00747998,0,-0.00197527
1987,-0.171021,-0.0106857,0,-0.00208729
1988,-0.134793,-0.00427428,0.240735,-0.00222456
1989,-0.192672,-0.00641141,-0.240735,-0.00227748
1990,-0.0838211,-0.00534284,0,-0.00232524
1991,-0.0979954,-0.00320571,0,-0.00225513
1992,-0.108487,-0.00320571,0,-0.00213802
1993,-0.149338,-0.00534284,0,-0.00207445
1994,-0.153003,-0.00534284,0,-0.00206198
1995,-0.159324,-0.00534284,-0.240735,-0.00210147
1996,-0.0987609,-0.00320571,0.240735,-0.00214768
1997,-0.158134,-0.00427428,0,-0.00218271
1998,-0.156176,-0.00213714,0,-0.00225292
