1,0,-0.0406323
2,0,-0.0406323
3,0,-0.0361176
4,0,-0.0361176
5,0,-0.0541764
6,0,-0.0361176
7,0,-0.0406323
8,0,-0.0406323
9,0,-0.0361176
10,0,-0.0406323
11,0,-0.045147
12,0,-0.0361176
13,0,-0.0496617
14,0,-0.0541764
15,0,-0.045147
16,0,-0.0406323
17,0,-0.0541764
18,0,-0.0586911
19,0,-0.0541764
20,0,-0.0361176
21,0,-0.0586911
22,0,-0.0316029
23,0,-0.045147
24,0,-0.0632058
25,0,-0.0361176
26,0,-0.045147
27,0,-0.0361176
28,0,-0.045147
29,0,-0.0361176
30,0,-0.0406323
31,0,-0.0496617
32,0,-0.0496617
33,0,-0.045147
34,0,-0.0270882
35,0,-0.045147
36,0,-0.0541764
37,0,-0.0541764
38,0,-0.0316029
39,0,-0.0406323
40,0,-0.0496617
41,0,-0.0406323
42,0,-0.0541764
43,0,-0.0496617
44,0,-0.0406323
45,0,-0.045147
46,0,-0.0406323
47,0,-0.045147
48,0,-0.0406323
49,0,-0.0406323
50,0,-0.0316029
51,0,-0.0496617
52,0,-0.0586911
53,0,-0.0541764
54,0,-0.0316029
55,0,-0.0406323
56,0,-0.0541764
57,0,-0.0316029
58,0,-0.0541764
59,0,-0.045147
60,0,-0.0361176
61,0,-0.0541764
62,0,-0.0541764
63,0,-0.0496617
64,0,-0.0361176
65,0,-0.0406323
66,0,-0.0270882
67,0,-0.0541764
68,0,-0.0361176
69,0,-0.045147
70,0,-0.0361176
71,0,-0.0361176
72,0,-0.0361176
73,0,-0.045147
74,0,-0.0496617
75,0,-0.045147
76,0,-0.0361176
77,0,-0.045147
78,0,-0.0541764
79,0,-0.0541764
80,-4,-0.0316029
81,-4,3.94585
82,-4,3.95488
83,-4,3.92779
84,-4,3.95939
85,-4,3.96842
86,-4,3.96391
87,-3.3089,3.90973
88,-2.33041,3.96391
89,-1.69748,2.22123
90,-1.43057,1.68398
91,-0.619825,1.64335
92,0.0365026,1.65689
93,0.59837,-0.103838
94,1.11893,-0.609484
95,1.58183,-0.510161
96,1.98419,-0.591426
97,2.4405,-2.13997
98,2.69949,-2.44245
99,2.90388,-2.48308
100,2.99358,-2.66819
101,3.21056,-3.03388
102,3.52208,-3.19641
103,3.50106,-3.2551
104,3.38568,-3.19641
105,3.47315,-3.43117
106,3.58941,-3.46729
107,3.36282,-3.51244
108,3.13046,-3.47632
109,2.96183,-3.16932
110,3.02258,-2.98422
111,2.82156,-2.99325
112,2.59551,-2.97067
113,2.48678,-2.6411
114,2.90466,-2.6411
115,2.60747,-2.54178
116,2.27751,-2.52823
117,2.13814,-2.27992
118,2.16789,-2.17157
119,1.81588,-2.18511
120,1.48359,-2.15351
121,1.12156,-1.46276
122,1.18907,-1.18285
123,0.928334,-1.16028
124,0.641904,-1.18285
125,0.401137,-0.68172
126,0.134587,-0.501132
127,-0.0289775,-0.424382
128,-0.0939131,-0.442441
129,-0.194256,0.0677205
130,-0.512007,0.162529
131,-0.630947,0.14447
132,-0.764435,0.162529
133,-0.727793,0.75847
134,-1.00524,0.668176
135,-1.10333,0.663661
136,-1.22627,0.704293
137,-1.40716,1.16028
138,-1.25921,1.39956
139,-1.42884,1.37247
140,-1.39134,1.4131
141,-1.39247,1.33635
142,-1.473,1.40859
143,-1.32444,1.38601
144,-1.25377,1.31378
145,-1.28858,1.23703
146,-1.38126,1.228
147,-1.30574,1.23703
148,-1.21027,1.25509
149,-1.0223,1.11965
150,-1.18315,1.01581
151,-1.16204,0.993234
152,-1.08289,0.97969
153,-0.924347,0.993234
154,-1.01767,0.884881
155,-0.922228,0.880366
156,-0.84103,0.880366
157,-0.771525,0.781043
158,-0.75967,0.744926
159,-0.688256,0.731381
160,-0.63256,0.708808
161,-0.655353,0.591426
162,-0.607845,0.59594
163,-0.552636,0.600455
164,-0.515754,0.618514
165,-0.520651,0.483073
166,-0.534614,0.474044
167,-0.456346,0.437926
168,-0.412158,0.483073
169,-0.348596,0.365691
170,-0.327006,0.311514
171,-0.30972,0.316029
172,-0.306021,0.311514
173,-0.298579,0.257338
174,-0.341907,0.243794
175,-0.330351,0.257338
176,-0.321923,0.279911
177,-0.330208,0.270882
178,-0.344597,0.288941
179,-0.338795,0.284426
180,-0.341919,0.275397
181,-0.327369,0.29797
182,-0.3358,0.275397
183,-0.346036,0.288941
184,-0.369647,0.279911
185,-0.401785,0.334088
186,-0.434698,0.347632
187,-0.445465,0.370205
188,-0.446336,0.37472
189,-0.476051,0.415352
190,-0.488973,0.428897
191,-0.473484,0.424382
192,-0.471569,0.433411
193,-0.481332,0.424382
194,-0.599119,0.442441
195,-0.582783,0.437926
196,-0.561199,0.424382
197,-0.517563,0.514676
198,-0.561246,0.496617
199,-0.554884,0.487588
200,-0.54634,0.492102
201,-0.508574,0.492102
202,-0.559261,0.478558
203,-0.560696,0.455985
204,-0.521678,0.487588
205,-0.506801,0.469529
206,-0.523463,0.455985
207,-0.511502,0.478558
208,-0.470301,0.465014
209,-0.518004,0.45147
210,-0.504226,0.474044
211,-0.48456,0.483073
212,-0.456394,0.483073
213,-0.440552,0.307
214,-0.417848,0.419867
215,-0.470808,0.401808
216,-0.423062,0.397294
217,-0.35936,0.38375
218,-0.292019,0.316029
219,-0.240103,0.325058
220,-0.241888,0.325058
221,-0.28134,0.194132
222,-0.229503,0.257338
223,-0.221494,0.243794
224,-0.213501,0.239279
225,-0.29208,0.176073
226,-0.236756,0.23025
227,-0.211612,0.243794
228,-0.257022,0.252823
229,-0.26273,0.23025
230,-0.323167,0.203161
231,-0.310582,0.23025
232,-0.326163,0.23025
233,-0.219425,0.279911
234,-0.307439,0.194132
235,-0.29007,0.176073
236,-0.291298,0.176073
237,-0.135475,0.248308
238,-0.226859,0.108353
239,-0.255681,0.0993234
240,-0.274824,0.103838
241,-0.320402,0.225735
242,-0.27908,0.270882
243,-0.281993,0.279911
244,-0.304046,0.243794
245,-0.28237,0.275397
246,-0.326073,0.243794
247,-0.281084,0.239279
248,-0.247655,0.243794
249,-0.181275,0.207676
250,-0.201992,0.14447
251,-0.208639,0.1535
252,-0.213689,0.148985
253,-0.269525,0.167044
254,-0.243018,0.225735
255,-0.248782,0.243794
256,-0.227476,0.239279
257,-0.184803,0.198647
258,-0.147804,0.162529
259,-0.157928,0.126412
260,-0.248247,0.130926
261,-0.184872,0.203161
262,-0.189615,0.135441
263,-0.191681,0.1535
264,-0.218312,0.1535
265,-0.268956,0.185103
266,-0.276562,0.216706
267,-0.267076,0.234764
268,-0.268238,0.234764
269,-0.19604,0.234764
270,-0.201086,0.103838
271,-0.217682,0.135441
272,-0.279688,0.1535
273,-0.236706,0.239279
274,-0.254823,0.198647
275,-0.23438,0.194132
276,-0.219595,0.194132
277,-0.235372,0.203161
278,-0.294522,0.189617
279,-0.230352,0.189617
280,-0.217246,0.198647
281,-0.229599,0.176073
282,-0.284082,0.194132
283,-0.255052,0.180588
284,-0.261231,0.176073
285,-0.226316,0.225735
286,-0.240212,0.185103
287,-0.228191,0.198647
288,-0.196532,0.207676
289,-0.0850321,0.162529
290,-0.195725,0.045147
291,-0.156316,0.0316029
292,-0.13733,0.0632058
293,-0.00624358,0.103838
294,-0.0837367,0.0045147
295,-0.112836,-0.0225735
296,-0.109185,-0.0361176
297,-0.0990264,0.0722352
298,-0.11341,0.0677205
299,-0.0787494,0.0767499
300,-0.0506089,0.0496617
301,-0.0442009,0.0045147
302,-0.0884842,0.0090294
303,-0.0899683,0.0045147
304,-0.0972456,-0.0225735
305,-0.00742122,0.0632058
306,-0.096351,-0.0406323
307,-0.108391,-0.0270882
308,-0.107761,-0.0090294
309,-0.0276845,0.0541764
310,-0.1041,-0.0045147
311,-0.101926,-0.0045147
312,-0.0861159,0.0135441
313,-0.0180754,0.0180588
314,-0.122484,-0.0225735
315,-0.109486,-0.0225735
316,-0.103007,-0.0180588
317,-0.00516541,0.0632058
318,-0.00638464,-0.0225735
319,0.00404431,-0.0586911
320,-0.085584,-0.0722352
321,0.0343866,0.0270882
322,0.00240717,-0.0722352
323,-0.0190448,-0.0677205
324,-0.0247687,-0.0632058
325,-0.112437,-0.0090294
326,-0.0704501,0.0677205
327,-0.0697352,0.0496617
328,-0.000146646,0.0722352
329,-0.0859112,-0.045147
330,-0.0311119,0.0406323
331,-0.0360828,0.0361176
332,-0.0397494,0.0541764
333,0.0352751,0.0180588
334,0.0244973,-0.0677205
335,0.0282401,-0.0767499
336,0.00709953,-0.0722352
337,-0.103547,-0.0496617
338,-0.0378555,0.0632058
339,-0.0498694,0.0767499
340,-0.0523334,0.0496617
341,-0.132953,0.0180588
342,-0.041322,0.0632058
343,-0.0589689,0.0857793
344,-0.0785298,0.0857793
345,-0.0850617,0.045147
346,-0.14087,0.0361176
347,-0.134033,0.0225735
348,-0.109866,0.0316029
349,-0.121392,0.0677205
350,-0.0915046,0.103838
351,-0.0729382,0.0632058
352,-0.149118,0.0767499
353,-0.172867,0.121897
354,-0.153879,0.130926
355,-0.138395,0.130926
356,-0.133037,0.14447
357,-0.0827581,0.0948087
358,-0.0578529,0.0541764
359,-0.0474721,0.0361176
360,-0.0613213,0.0406323
361,-0.113697,0.0270882
362,-0.146635,0.0767499
363,-0.136347,0.0948087
364,-0.12249,0.0632058
365,-0.0548218,0.0857793
366,-0.0517177,0
367,-0.0392911,0.0180588
368,-0.0404128,0.0180588
369,-0.147046,-0.0225735
370,-0.139724,0.0993234
371,-0.130061,0.090294
372,-0.148949,0.0948087
373,-0.0686575,0.126412
374,-0.13037,0.0045147
375,-0.0713661,0.0045147
376,-0.0973883,0.0225735
377,-0.179108,0.0586911
378,-0.115466,0.14447
379,-0.129686,0.139956
380,-0.136374,0.139956
381,-0.21659,0.121897
382,-0.143422,0.167044
383,-0.189011,0.194132
384,-0.170211,0.194132
385,-0.150611,0.121897
386,-0.155348,0.112867
387,-0.172314,0.0948087
388,-0.177317,0.0993234
389,-0.207079,0.167044
390,-0.149334,0.171559
391,-0.214661,0.162529
392,-0.217951,0.126412
393,-0.166387,0.176073
394,-0.203921,0.135441
395,-0.208989,0.121897
396,-0.171517,0.14447
397,-0.107716,0.126412
398,-0.0956326,0.0677205
399,-0.113415,0.0857793
400,-0.11334,0.0948087
401,-0.179504,0.112867
402,-0.21502,0.1535
403,-0.206899,0.139956
404,-0.190229,0.126412
405,-0.0791994,0.130926
406,-0.0834988,0.0361176
407,-0.11345,0.0225735
408,-0.116222,0.0541764
409,-0.204769,0.0677205
410,-0.212079,0.1535
411,-0.190323,0.171559
412,-0.164905,0.171559
413,-0.0679105,0.112867
414,-0.0952187,0.0270882
415,-0.0958799,0.0225735
416,-0.125385,0.0270882
417,-0.244594,0.0948087
418,-0.223722,0.194132
419,-0.237315,0.212191
420,-0.214187,0.207676
421,-0.104631,0.14447
422,-0.141222,0.0632058
423,-0.149826,0.0767499
424,-0.172535,0.0677205
425,-0.239601,0.130926
426,-0.190356,0.198647
427,-0.198486,0.194132
428,-0.189098,0.176073
429,-0.242467,0.171559
430,-0.227706,0.212191
431,-0.228672,0.203161
432,-0.197453,0.203161
433,-0.0890079,0.0993234
434,-0.0928306,0.045147
435,-0.199089,0.0496617
436,-0.204525,0.0541764
437,-0.101137,0.148985
438,-0.0935053,0.0677205
439,-0.10925,0.0632058
440,-0.106177,0.0632058
441,-0.205906,0.0632058
442,-0.111315,0.158015
443,-0.11763,0.167044
444,-0.129623,0.176073
445,-0.248179,0.130926
446,-0.194788,0.203161
447,-0.193078,0.171559
448,-0.0992501,0.207676
449,-0.172199,0.0857793
450,-0.227153,0.130926
451,-0.22123,0.0857793
452,-0.14873,0.121897
453,-0.140075,0.108353
454,-0.214899,0.103838
455,-0.215243,0.103838
456,-0.217486,0.0541764
457,-0.135075,0.176073
458,-0.200531,0.0993234
459,-0.193086,0.108353
460,-0.177235,0.121897
461,-0.103642,0.126412
462,-0.119436,0.0767499
463,-0.133414,0.0586911
464,-0.131288,0.0632058
465,-0.207613,0.108353
466,-0.13089,0.1535
467,-0.203291,0.158015
468,-0.21438,0.1535
469,-0.177932,0.194132
470,-0.239013,0.14447
471,-0.245117,0.135441
472,-0.229551,0.135441
473,-0.100831,0.180588
474,-0.102884,0.0632058
475,-0.11385,0.0632058
476,-0.14338,0.0541764
477,-0.256141,0.112867
478,-0.154514,0.189617
479,-0.197294,0.212191
480,-0.184464,0.22122
481,-0.105075,0.14447
482,-0.172035,0.0767499
483,-0.179526,0.090294
484,-0.188916,0.0993234
485,-0.106731,0.14447
486,-0.105972,0.0677205
487,-0.105315,0.0632058
488,-0.118577,0.0767499
489,-0.190577,0.0632058
490,-0.167884,0.148985
491,-0.16117,0.139956
492,-0.171182,0.14447
493,-0.137831,0.139956
494,-0.228773,0.0857793
495,-0.16207,0.0948087
496,-0.15094,0.0948087
497,-0.184904,0.130926
498,-0.130313,0.158015
499,-0.126352,0.0948087
500,-0.116718,0.14447
501,-0.244847,0.0948087
502,-0.230883,0.194132
503,-0.219985,0.203161
504,-0.21194,0.203161
505,-0.1018,0.162529
506,-0.116244,0.0632058
507,-0.100127,0.0632058
508,-0.110018,0.0541764
509,-0.208552,0.0857793
510,-0.216765,0.158015
511,-0.22633,0.167044
512,-0.209642,0.167044
513,-0.0602206,0.121897
514,-0.0936459,0.0316029
515,-0.0740391,0.0045147
516,-0.081441,0.0045147
517,-0.162129,0.0361176
518,-0.0697973,0.0948087
519,-0.142977,0.112867
520,-0.151146,0.112867
521,-0.101991,0.112867
522,-0.144069,0.0316029
523,-0.103886,0.0496617
524,-0.105427,0.0632058
525,-0.176026,0.0722352
526,-0.0676899,0.126412
527,-0.0985716,0.135441
528,-0.171964,0.139956
529,-0.110684,0.135441
530,-0.155451,0.0857793
531,-0.148331,0.0812646
532,-0.152128,0.090294
533,-0.1559,0.112867
534,-0.149188,0.126412
535,-0.178167,0.112867
536,-0.156558,0.108353
537,-0.159056,0.112867
538,-0.211147,0.121897
539,-0.20935,0.108353
540,-0.197396,0.126412
541,-0.123848,0.158015
542,-0.126054,0.0993234
543,-0.146612,0.0948087
544,-0.139275,0.0812646
545,-0.21119,0.0948087
546,-0.183898,0.158015
547,-0.186783,0.162529
548,-0.155193,0.167044
549,-0.0758199,0.117382
550,-0.0473133,0.0361176
551,-0.0735733,0.0270882
552,-0.0834468,0.0270882
553,-0.170873,0.0270882
554,-0.180617,0.126412
555,-0.189184,0.121897
556,-0.145395,0.126412
557,-0.0640553,0.0496617
558,-0.065758,0.0270882
559,-0.0482813,0.0270882
560,-0.0602459,0.0135441
561,-0.14401,0.0090294
562,-0.133754,0.090294
563,-0.136392,0.103838
564,-0.121814,0.0993234
565,-0.0526161,0.0767499
566,-0.118532,0.0045147
567,-0.00854161,0.0135441
568,-0.0188804,0.0090294
569,-0.160792,-0.0180588
570,-0.0856478,0.0993234
571,-0.161552,0.0993234
572,-0.159289,0.090294
573,-0.016759,0.126412
574,-0.107155,0.0090294
575,-0.134333,-0.0090294
576,-0.126891,-0.0225735
577,-0.111944,0.0767499
578,-0.154411,0.090294
579,-0.132029,0.0812646
580,-0.128351,0.0722352
581,-0.172151,0.090294
582,-0.222365,0.126412
583,-0.224124,0.126412
584,-0.229321,0.135441
585,-0.116886,0.194132
586,-0.134379,0.0948087
587,-0.15157,0.0586911
588,-0.152452,0.0677205
589,-0.240892,0.117382
590,-0.112577,0.176073
591,-0.186449,0.189617
592,-0.16957,0.194132
593,-0.125971,0.126412
594,-0.175215,0.0993234
595,-0.173847,0.103838
596,-0.145823,0.0993234
597,-0.0416527,0.117382
598,-0.0524652,0.0135441
599,-0.0879482,0.0045147
600,-0.0844474,0.0045147
601,-0.190592,0.0541764
602,-0.16934,0.130926
603,-0.175856,0.162529
604,-0.155239,0.167044
605,-0.0532509,0.0948087
606,-0.0307471,0.0135441
607,-0.0292672,0.0180588
608,-0.0615871,0.0135441
609,-0.206397,0.0361176
610,-0.129256,0.135441
611,-0.189501,0.1535
612,-0.18441,0.121897
613,-0.080196,0.1535
614,-0.126198,0.0496617
615,-0.113947,0.0541764
616,-0.140267,0.0586911
617,0.0896844,0.0948087
618,0.477263,-0.090294
619,0.767793,-0.126412
620,1.16735,-0.135441
621,1.47164,-1.20091
622,1.87878,-1.56209
623,2.05335,-1.53951
624,2.21363,-1.50791
625,2.36143,-2.22123
626,2.49752,-2.37473
627,2.38517,-2.39279
628,2.22987,-2.43794
629,2.08121,-2.26638
630,2.02785,-2.12191
631,1.78796,-2.11739
632,1.54215,-2.10836
633,1.31297,-1.56209
634,1.23099,-1.37698
635,1.06165,-1.3499
636,0.869817,-1.34538
637,0.694252,-0.898425
638,0.645963,-0.74944
639,0.463526,-0.776528
640,0.398,-0.744926
641,0.23625,-0.442441
642,0.348267,-0.284426
643,0.207202,-0.29797
644,0.0425268,-0.284426
645,-0.119853,-0.0812646
646,-0.216071,0.0857793
647,-0.309126,0.0541764
648,-0.402243,0.0677205
649,-0.498971,0.365691
650,-0.619132,0.455985
651,-0.662042,0.446955
652,-0.718802,0.45147
653,-0.731614,0.677205
654,-0.777809,0.686234
655,-0.77943,0.690749
656,-0.78431,0.68172
657,-0.826687,0.74944
658,-0.876585,0.767499
659,-0.877757,0.776528
660,-0.852013,0.618514
661,-0.84467,0.799102
662,-0.787063,0.794587
663,-0.753988,0.799102
664,-0.703226,0.794587
665,-0.687679,0.659146
666,-0.770492,0.632058
667,-0.762636,0.654632
668,-0.744072,0.668176
669,-0.789297,0.713323
670,-0.776541,0.726867
671,-0.409909,0.740411
672,-0.0920402,0.74944
673,0.235627,0.0541764
674,0.543398,-0.225735
675,0.89914,-0.275397
676,1.09871,-0.266367
677,1.4362,-1.11965
678,1.75254,-1.44019
679,1.98352,-1.47179
680,2.14626,-1.46728
681,2.23718,-2.16706
682,2.30181,-2.26186
683,2.21776,-2.26638
684,2.09965,-2.24832
685,1.9228,-2.24381
686,1.96398,-1.9955
687,1.74995,-1.95487
688,1.56162,-1.96389
689,1.34663,-1.61175
690,1.63255,-1.40859
691,1.37826,-1.35441
692,1.15614,-1.36344
693,0.987628,-1.20091
694,0.799969,-1.05193
695,0.574572,-1.03387
696,0.338724,-1.03838
697,0.197005,-0.38375
698,0.160018,-0.279911
699,-0.0502344,-0.243794
700,-0.298217,-0.234764
701,-0.452115,0.252823
702,-0.555439,0.406323
703,-0.686798,0.401808
704,-0.804512,0.410838
705,-1.01633,0.753955
706,-1.11135,0.943572
707,-1.15347,0.961631
708,-1.18214,0.975175
709,-1.17108,1.14222
710,-1.31895,1.11965
711,-1.31897,1.11062
712,-1.29063,1.12868
713,-1.21777,1.24154
714,-1.36204,1.21445
715,-1.30087,1.1964
716,-1.23195,1.18737
717,-1.1371,1.20091
718,-1.18318,1.09707
719,-1.10566,1.11513
720,-1.0222,1.10159
721,-0.925287,0.975175
722,-0.915911,0.884881
723,-0.793655,0.893911
724,-0.710495,0.880366
725,-0.592816,0.677205
726,-0.629197,0.568852
727,-0.577741,0.550793
728,-0.513056,0.546279
729,-0.506514,0.455985
730,-0.0245471,0.455985
731,0.298987,0.474044
732,0.755008,0.460499
733,1.18824,-0.790072
734,1.58064,-1.16479
735,1.99134,-1.228
736,2.34591,-1.23251
737,2.61137,-2.37022
738,2.763,-2.60498
739,2.81137,-2.6411
740,2.79029,-2.63658
741,2.6355,-2.81266
742,2.50537,-2.69979
743,2.2917,-2.82169
744,2.09829,-2.65464
745,1.86494,-2.13997
746,2.34198,-1.92326
747,2.0354,-1.69301
748,1.72684,-1.7517
749,1.39748,-1.77428
750,1.42078,-1.47631
751,1.12719,-1.43567
752,0.804272,-1.45373
753,0.481422,-0.839734
754,0.369964,-0.577882
755,0.152861,-0.537249
756,-0.0823062,-0.541764
757,-0.243634,0.0361176
758,-0.392909,0.167044
759,-0.587238,0.194132
760,-0.776891,0.225735
761,-0.902309,0.735896
762,-1.25624,0.853278
763,-1.35785,0.830705
764,-1.40092,0.898425
765,-1.47143,1.32281
766,-1.53467,1.51694
767,-1.49647,1.43567
768,-1.49463,1.43567
769,-1.62415,1.51694
770,-1.72671,1.58466
771,-1.67685,1.55757
772,-1.59537,1.58466
773,-1.49069,1.53951
774,-1.61051,1.25057
775,-1.56156,1.48985
776,-1.42841,1.43567
777,-1.3054,1.3815
778,-1.3078,1.2596
779,-1.17235,1.26863
780,-1.04822,1.24154
781,-0.956027,0.988719
782,-0.949319,0.920999
783,-0.898396,0.934543
784,-0.831203,0.916484
785,-0.772634,0.776528
786,-0.781416,0.735896
787,-0.70857,0.735896
788,-0.672609,0.726867
789,-0.392637,0.627543
790,-0.0581017,0.379235
791,0.285314,0.365691
792,0.654187,0.347632
793,0.988445,-0.695264
794,1.32083,-0.97969
795,1.58441,-1.01581
796,1.86021,-1.02032
797,2.03736,-1.90069
798,1.95066,-2.04967
799,1.86133,-2.06773
800,1.74174,-2.06773
801,1.61802,-1.76525
802,1.48566,-1.65689
803,1.33627,-1.65238
804,1.16865,-1.64787
805,1.33273,-1.19188
806,1.30885,-1.34538
807,1.12934,-1.36795
808,0.910598,-1.35892
809,0.719237,-0.948087
810,0.727622,-0.790072
811,0.516883,-0.74944
812,0.336806,-0.762984
813,0.130003,-0.379235
814,0.0521768,-0.212191
815,-0.118227,-0.176073
816,-0.295758,-0.167044
817,-0.538629,0.275397
818,-0.693147,0.415352
819,-0.780612,0.501132
820,-0.866488,0.505646
821,-0.820629,0.821675
822,-1.00582,0.772014
823,-1.04071,0.794587
824,-1.06368,0.785558
825,-1.08446,1.02032
826,-1.16066,1.01581
827,-1.20956,0.916484
828,-1.21905,1.05193
829,-1.22564,1.16931
830,-1.26295,1.16931
831,-1.21507,1.17382
832,-1.12392,1.17834
833,-1.08198,1.06095
834,-1.17407,1.03387
835,-1.11804,1.0429
836,-1.03923,1.03838
837,-0.968868,0.993234
838,-0.906339,0.930028
839,-0.851843,0.916484
840,-0.754503,0.907455
841,-0.767374,0.695264
842,-0.764929,0.726867
843,-0.724001,0.704293
844,-0.697181,0.699778
845,-0.515897,0.645602
846,-0.190844,0.510161
847,0.120938,0.483073
848,0.46257,0.469529
849,0.87268,-0.492102
850,1.25589,-0.830705
851,1.68902,-0.90294
852,2.09113,-0.898425
853,2.48716,-2.11739
854,2.63431,-2.47857
855,2.9667,-2.49663
856,3.18756,-2.49663
857,3.38088,-3.20544
858,3.52489,-3.377
859,3.38865,-3.4086
860,3.12417,-3.48535
861,2.92031,-3.1332
862,3.21489,-3.12869
863,2.90468,-2.98873
864,2.528,-2.98422
865,2.36744,-2.57338
866,2.24582,-2.55983
867,1.78355,-2.41536
868,1.37616,-2.41536
869,1.23257,-1.43116
870,1.0813,-1.36344
871,0.629874,-1.26412
872,0.261909,-1.33635
873,-0.00930495,-0.270882
874,-0.225616,-0.0722352
875,-0.341597,-0.0270882
876,-0.595139,-0.0045147
877,-0.85664,0.586911
878,-1.21969,0.799102
879,-1.39219,0.799102
880,-1.53895,0.844249
881,-1.8113,1.48534
882,-2.0243,1.71107
883,-2.07646,1.34538
884,-2.07985,1.78331
885,-2.06632,2.02259
886,-2.08436,2.00453
887,-2.02341,2.00001
888,-2.01393,2.16706
889,-1.98233,1.95938
890,-2.1203,2.04967
891,-2.00034,1.95938
892,-1.882,1.93229
893,-1.88002,1.83297
894,-1.87188,1.83297
895,-1.70196,1.82394
896,-1.56835,1.842
897,-1.46814,1.51694
898,-1.47006,1.43567
899,-1.30109,1.43116
900,-1.14133,1.52145
901,-1.08042,1.09707
902,-0.967499,1.03838
903,-0.830245,1.03838
904,-0.714744,1.03838
905,-0.508355,0.68172
906,-0.160209,0.487588
907,0.277351,0.478558
908,0.76456,0.478558
909,1.28626,-0.799102
910,1.69844,-1.25057
911,2.12706,-1.32281
912,2.50869,-1.33635
913,2.78596,-2.54629
914,2.94675,-2.77203
915,3.0474,-2.80363
916,3.15696,-2.81717
917,3.17462,-3.39054
918,3.15319,-3.24155
919,2.96141,-3.19641
920,2.70211,-3.19641
921,2.4675,-2.71785
922,2.92073,-2.53726
923,2.59365,-2.49211
924,2.25088,-2.44697
925,1.94204,-2.29798
926,1.99152,-2.02259
927,1.61127,-1.98195
928,1.19014,-1.98195
929,0.854661,-1.23703
930,0.595564,-1.01129
931,0.229977,-0.880366
932,-0.0884059,-0.907455
933,-0.470854,0.0045147
934,-0.702836,0.370205
935,-0.615663,0.424382
936,-0.855695,0.465014
937,-1.1563,0.808131
938,-1.329,1.06095
939,-1.44899,1.09707
940,-1.70337,1.1061
941,-1.64789,1.67044
942,-1.866,1.58014
943,-1.8938,1.60272
944,-1.90088,1.63432
945,-1.88923,1.82845
946,-2.07783,1.92778
947,-2.0878,1.83748
948,-1.97981,1.83748
949,-1.816,1.9955
950,-1.9755,1.81942
951,-1.84088,1.7517
952,-1.71276,1.78331
953,-1.70388,1.64787
954,-1.71293,1.64335
955,-1.54917,1.65238
956,-1.4076,1.65238
957,-1.27926,1.36344
958,-1.07693,1.2596
959,-0.761474,1.23251
960,-0.314302,1.228
961,0.166029,0.266367
962,0.654979,-0.108353
963,1.29742,-0.212191
964,1.98966,-0.212191
965,2.62085,-2.01807
966,3.22774,-2.55532
967,3.76245,-2.63207
968,4,-2.68625
969,4,-4.00002
970,4,-4.00002
971,4,-3.99551
972,4,-4.00002
973,4,-4.00002
974,4,-3.99099
975,4,-3.99551
976,4,-4.00002
977,4,-3.52598
978,3.89487,-4.00002
979,3.51702,-4.00002
980,2.9313,-4.00002
981,2.50008,-3.00228
982,2.04657,-2.43794
983,1.55638,-2.59144
984,1.23942,-1.5034
985,0.789704,-1.30926
986,0.254727,-0.853278
987,-0.219951,-0.817161
988,-0.332265,-0.848764
989,-0.892451,0.293455
990,-1.20644,0.790072
991,-1.5211,0.781043
992,-1.76728,0.857793
993,-2.20484,1.83297
994,-2.16634,2.15803
995,-2.2831,2.11739
996,-2.389,2.23478
997,-2.78175,2.36119
998,-2.81645,2.66367
999,-2.8218,2.85329
1000,-2.98269,2.79008
1001,-3.02189,2.75397
1002,-3.03907,3.04291
1003,-3.02495,3.00228
1004,-2.89537,3.11966
1005,-2.91977,2.85781
1006,-2.85491,2.52823
1007,-2.84129,2.99325
1008,-2.66181,2.90295
1009,-2.31857,2.59144
1010,-2.45852,2.33861
1011,-2.25888,2.26186
1012,-2.02982,2.25284
1013,-2.0256,1.95487
1014,-1.90319,1.97744
1015,-1.71852,1.39504
1016,-1.55335,1.96389
1017,-1.31656,1.49888
1018,-1.25503,1.30926
1019,-1.07322,1.2596
1020,-0.726512,1.2596
1021,-0.249736,0.668176
1022,0.227938,0.248308
1023,0.773784,0.212191
1024,1.26315,0.216706
1025,1.66152,-1.30926
1026,1.89893,-1.62529
1027,2.16011,-1.67044
1028,2.37278,-1.67947
1029,2.53891,-2.38828
1030,2.60863,-2.54629
1031,2.66023,-2.56435
1032,2.62574,-2.07676
1033,2.54144,-2.6411
1034,2.90074,-2.6095
1035,2.67331,-2.56435
1036,2.40764,-2.55532
1037,2.13281,-2.44697
1038,2.07917,-2.20317
1039,1.79607,-2.16254
1040,1.47531,-2.17157
1041,1.34507,-1.5666
1042,1.23878,-1.37247
1043,0.938383,-1.3815
1044,0.604093,-1.11965
1045,0.213041,-0.573367
1046,0.0307487,-0.316029
1047,-0.13681,-0.243794
1048,-0.406292,-0.266367
1049,-0.574029,0.370205
1050,-0.79058,0.501132
1051,-0.987338,0.541764
1052,-1.15015,0.577882
1053,-1.4125,1.09256
1054,-1.64865,1.40407
1055,-1.72228,1.38601
1056,-1.76279,1.35441
1057,-1.79859,1.7201
1058,-1.93453,1.72913
1059,-1.91741,1.73816
1060,-1.89606,1.86006
1061,-1.85661,1.85103
1062,-2.05298,1.64787
1063,-1.96787,1.89166
1064,-1.77388,1.80137
1065,-1.67671,1.72462
1066,-1.78124,1.63884
1067,-1.64917,1.63432
1068,-1.53221,1.64787
1069,-1.42497,1.45825
1070,-1.46213,1.39504
1071,-1.33927,1.37247
1072,-1.04185,1.36795
1073,-0.578732,0.993234
1074,-0.141622,0.618514
1075,0.434513,0.546279
1076,0.97943,0.52822
1077,1.50095,-1.01581
1078,1.9321,-1.48082
1079,2.44047,-1.53048
1080,2.86564,-1.53048
1081,3.18895,-2.90295
1082,3.37956,-3.16029
1083,3.47812,-3.20092
1084,3.43167,-3.20092
1085,3.33115,-3.6253
1086,3.69302,-3.38151
1087,3.38067,-3.37248
1088,3.04461,-3.44923
1089,2.67201,-3.04742
1090,2.62752,-2.74945
1091,2.24434,-2.83975
1092,1.97153,-2.71333
1093,1.47447,-2.00453
1094,1.31771,-1.5982
1095,0.967434,-1.57563
1096,0.769215,-1.53048
1097,0.363855,-0.848764
1098,0.251837,-0.496617
1099,-0.268739,-0.406323
1100,-0.582848,-0.379235
1101,-0.729105,0.573367
1102,-0.904543,0.654632
1103,-1.10395,0.708808
1104,-1.3845,0.59594
1105,-1.51942,1.30023
1106,-1.74085,1.535
1107,-1.71287,1.49888
1108,-1.78726,1.43567
1109,-1.99707,1.75622
1110,-2.19797,2.0587
1111,-2.0515,1.97744
1112,-2.03263,1.93681
1113,-2.1535,1.97744
1114,-2.15862,2.09031
1115,-2.05541,2.09482
1116,-1.94497,2.12642
1117,-2.02851,1.86909
1118,-2.11712,2.03613
1119,-2.02895,2.00453
1120,-1.89825,1.97744
1121,-1.73082,1.95938
1122,-1.79918,1.73364
1123,-1.61804,1.69753
1124,-1.1505,1.67044
1125,-0.634262,1.0745
1126,-0.139996,0.632058
1127,0.546081,0.586911
1128,1.27721,0.478558
1129,1.92427,-1.31829
1130,2.38802,-1.84651
1131,2.85975,-1.95938
1132,3.19626,-1.95938
1133,3.50334,-3.22801
1134,3.73676,-3.51244
1135,3.78431,-3.52598
1136,3.71427,-3.5305
1137,3.80863,-3.75172
1138,3.85607,-3.14675
1139,3.54431,-3.95036
1140,3.44243,-3.85104
1141,3.00564,-3.46729
1142,3.08766,-3.27767
1143,2.47085,-3.01582
1144,1.99317,-3.15578
1145,1.60998,-2.05419
1146,1.58588,-1.73364
1147,1.14986,-1.73816
1148,0.607565,-1.68398
1149,0.236604,-0.668176
1150,-0.0217317,-0.311514
1151,-0.193078,-0.279911
1152,-0.491933,-0.279911
1153,-0.728782,0.465014
1154,-1.15689,0.645602
1155,-1.41021,0.74944
1156,-1.47826,0.726867
1157,-1.58279,1.47179
1158,-2.08564,1.52597
1159,-2.19871,1.3815
1160,-2.27595,1.48534
1161,-2.38818,2.39731
1162,-2.44808,2.35216
1163,-2.42531,2.35667
1164,-2.38805,2.41988
1165,-2.40798,2.34764
1166,-2.72323,2.49663
1167,-2.51013,2.41536
1168,-2.37377,2.37473
1169,-2.39032,2.31153
1170,-2.47607,2.34764
1171,-2.27032,2.32507
1172,-2.07161,2.34313
1173,-1.83712,2.00904
1174,-1.9736,1.82394
1175,-1.79526,1.77879
1176,-1.62682,1.30023
1177,-1.48631,1.57563
1178,-1.46516,1.45373
1179,-1.28768,1.43567
1180,-1.11938,1.4447
1181,-0.995612,1.06095
1182,-0.78886,0.948087
1183,-0.3079,0.943572
1184,0.196485,0.943572
1185,0.683244,-0.234764
1186,1.15009,-0.645602
1187,1.58492,-0.722352
1188,1.93649,-0.726867
1189,2.24188,-1.95487
1190,2.48175,-2.21672
1191,2.61335,-2.27541
1192,2.64958,-2.27541
1193,2.60241,-2.66819
1194,2.63844,-2.63207
1195,2.46703,-2.63207
1196,2.29521,-2.63658
1197,2.28054,-2.40182
1198,2.2303,-2.32056
1199,1.98948,-2.29798
1200,1.67372,-2.3025
1201,1.53657,-1.66592
1202,1.45918,-1.57563
1203,1.1463,-0.866822
1204,0.806145,-1.59369
1205,0.588607,-0.839734
1206,0.399026,-0.627543
1207,0.106197,-0.627543
1208,-0.12177,-0.632058
1209,-0.292046,0.0767499
1210,-0.456976,0.239279
1211,-0.659199,0.279911
1212,-0.867653,0.234764
1213,-0.895211,0.794587
1214,-1.23552,0.866822
1215,-1.24992,0.871337
1216,-1.35184,0.848764
1217,-1.47209,1.3499
1218,-1.58486,1.43116
1219,-1.56479,1.42213
1220,-1.5802,1.41762
1221,-1.66214,1.53048
1222,-1.81436,1.5982
1223,-1.76206,1.61175
1224,-1.67841,1.61175
1225,-1.56553,1.67947
1226,-1.7333,1.55757
1227,-1.64685,1.51242
1228,-1.51192,1.535
1229,-1.40576,1.46728
1230,-1.41618,1.3815
1231,-1.32222,1.3499
1232,-1.18937,1.32732
1233,-1.09244,1.13319
1234,-1.04545,1.04741
1235,-0.734145,1.05644
1236,-0.288462,1.02935
1237,0.163421,0.257338
1238,0.575712,-0.112867
1239,1.06942,-0.185103
1240,1.50709,-0.194132
1241,1.86998,-1.54403
1242,2.12695,-1.87812
1243,2.32844,-1.9052
1244,2.44558,-1.90069
1245,2.471,-2.4876
1246,2.45881,-2.49663
1247,2.34324,-2.49663
1248,2.2113,-2.47857
1249,2.26825,-2.23026
1250,2.25967,-2.28895
1251,1.99558,-2.06773
1252,1.72532,-2.30701
1253,1.49748,-1.75622
1254,1.4353,-1.57563
1255,1.16745,-1.54403
1256,0.912246,-1.54854
1257,0.786665,-0.948087
1258,0.608522,-0.844249
1259,0.355033,-0.857793
1260,0.143143,-0.830705
1261,-0.0612174,-0.185103
1262,-0.214552,-0.0316029
1263,-0.395625,0.0135441
1264,-0.592376,0.0316029
1265,-0.688494,0.568852
1266,-0.985939,0.650117
1267,-1.1151,0.636573
1268,-1.22112,0.627543
1269,-1.19634,1.17834
1270,-1.45624,1.14222
1271,-1.48882,1.13319
1272,-1.46803,1.14222
1273,-1.41933,1.41762
1274,-1.58187,1.37698
1275,-1.52231,1.36344
1276,-1.48817,1.36344
1277,-1.52332,1.43567
1278,-1.51487,1.47179
1279,-1.45613,1.47179
1280,-1.37453,1.45825
1281,-1.4249,1.3499
1282,-1.43543,1.36344
1283,-1.34011,1.38601
1284,-1.21841,1.37247
1285,-1.10534,1.17382
1286,-1.09142,1.07901
1287,-0.979541,1.05193
1288,-0.910483,1.06998
1289,-0.892342,0.871337
1290,-0.937524,0.848764
1291,-0.867068,0.830705
1292,-0.585093,0.844249
1293,-0.040778,0.428897
1294,0.53547,0.0135441
1295,1.16648,0.0045147
1296,1.76432,-0.0045147
1297,2.24499,-1.81039
1298,2.6464,-2.27089
1299,2.97171,-2.27089
1300,3.18095,-2.25735
1301,3.22692,-3.20995
1302,3.21328,-3.25058
1303,3.06003,-3.23704
1304,2.92197,-3.22801
1305,2.71295,-3.10611
1306,3.11283,-2.75397
1307,2.80635,-2.74494
1308,2.45197,-2.78557
1309,2.09286,-2.46954
1310,1.98989,-2.19866
1311,1.6414,-2.11739
1312,1.39563,-2.149
1313,1.09765,-1.52597
1314,0.941565,-1.18285
1315,0.625946,-1.1377
1316,0.319866,-1.13319
1317,-0.074874,-0.334088
1318,-0.251038,-0.0677205
1319,-0.506608,0.0045147
1320,-0.733434,0.0316029
1321,-0.929845,0.67269
1322,-1.10272,0.898425
1323,-1.1057,0.889396
1324,-1.24632,0.880366
1325,-1.44747,1.17834
1326,-1.69367,1.35441
1327,-1.72084,1.42665
1328,-1.66445,1.40859
1329,-1.80128,1.64335
1330,-1.90167,1.73816
1331,-1.86253,1.7517
1332,-1.85308,1.7517
1333,-1.88549,1.81491
1334,-1.97482,1.82394
1335,-1.87938,1.82845
1336,-1.75381,1.83748
1337,-1.67882,1.7201
1338,-1.81387,1.65238
1339,-1.71711,1.61626
1340,-1.55015,1.61626
1341,-1.42773,1.49888
1342,-1.44278,1.39504
1343,-1.32062,1.38601
1344,-1.17468,1.37247
1345,-1.03773,1.15576
1346,-0.815143,0.997749
1347,-0.384708,1.01129
1348,0.182973,1.00226
1349,0.729553,-0.239279
1350,1.25693,-0.677205
1351,1.7215,-0.762984
1352,2.14387,-0.75847
1353,2.46154,-2.17157
1354,2.64463,-2.43794
1355,2.75871,-2.47857
1356,2.85054,-2.50114
1357,2.83206,-2.86683
1358,2.8023,-2.45148
1359,2.66229,-2.97067
1360,2.85416,-2.87135
1361,2.58263,-2.88941
1362,2.56758,-2.59595
1363,2.39492,-2.6411
1364,2.0567,-2.763
1365,1.69896,-2.11288
1366,1.62703,-1.80588
1367,1.45526,-1.74267
1368,1.10873,-1.74267
1369,0.705577,-1.16028
1370,0.556076,-0.808131
1371,0.289951,-0.717837
1372,0.0508547,-0.740411
1373,-0.172757,-0.103838
1374,-0.394407,0.126412
1375,-0.571363,0.139956
1376,-0.660036,0.108353
1377,-0.960486,0.433411
1378,-1.17022,0.90294
1379,-1.20976,0.920999
1380,-1.34973,0.884881
1381,-1.52604,1.32281
1382,-1.78037,1.45373
1383,-1.80753,1.48985
1384,-1.78178,1.37247
1385,-1.80015,1.7201
1386,-1.95627,1.76525
1387,-1.8717,1.74267
1388,-1.81923,1.74719
1389,-1.65499,1.79234
1390,-1.79289,1.62981
1391,-1.71473,1.61626
1392,-1.62445,1.65238
1393,-1.67134,1.58466
1394,-1.61166,1.62529
1395,-1.50228,1.62529
1396,-1.37678,1.65238
1397,-1.30855,1.30475
1398,-1.29044,1.2596
1399,-1.17808,1.26412
1400,-1.06011,1.24154
1401,-0.829749,0.993234
1402,-0.478345,0.794587
1403,0.150747,0.799102
1404,0.85777,0.785558
1405,1.50372,-0.90294
1406,2.08169,-1.49888
1407,2.58117,-1.52597
1408,2.98121,-1.54403
1409,3.27704,-2.99776
1410,3.48478,-3.26864
1411,3.52909,-3.30025
1412,3.59612,-3.30476
1413,3.49383,-3.60725
1414,3.80704,-3.68851
1415,3.77561,-3.54404
1416,3.4497,-3.684
1417,3.10016,-3.56661
1418,3.22966,-3.20995
1419,2.80047,-3.11063
1420,2.34534,-2.49663
1421,1.82132,-2.46051
1422,1.7489,-1.98195
1423,1.33327,-1.86909
1424,0.914155,-1.8736
1425,0.508623,-0.984205
1426,0.383037,-0.600455
1427,0.159266,-0.559823
1428,-0.186091,-0.550793
1429,-0.401741,0.180588
1430,-0.827498,0.356661
1431,-1.08948,0.343117
1432,-1.31609,0.325058
1433,-1.70364,1.2596
1434,-1.88529,1.58466
1435,-1.98616,1.77428
1436,-1.86968,1.69753
1437,-2.00264,1.79234
1438,-2.27522,2.02259
1439,-2.37411,1.99098
1440,-2.35424,1.93229
1441,-2.29152,2.27992
1442,-2.37598,2.24832
1443,-2.32097,2.22123
1444,-2.21862,2.33861
1445,-2.19774,2.16254
1446,-2.31098,2.13997
1447,-2.18254,2.15803
1448,-2.04696,2.15803
1449,-2.08948,2.00904
1450,-2.03158,2.02259
1451,-1.85398,2.04967
1452,-1.67979,2.03613
1453,-1.66023,1.37247
1454,-1.61097,1.64787
1455,-1.26127,1.62981
1456,-0.854974,1.62078
1457,-0.312081,0.794587
1458,0.175356,0.307
1459,0.839883,0.275397
1460,1.4607,0.275397
1461,2.06158,-1.49888
1462,2.53272,-2.00453
1463,2.9506,-2.09031
1464,3.26387,-2.149
1465,3.54618,-3.29573
1466,3.81222,-3.55307
1467,3.84547,-3.58467
1468,3.75856,-3.57564
1469,3.68153,-3.7788
1470,3.77672,-3.72914
1471,3.54029,-3.80138
1472,3.14559,-3.69754
1473,2.86775,-3.2867
1474,2.86077,-2.9165
1475,2.44435,-2.9165
1476,2.00202,-2.9165
1477,1.65241,-1.56209
1478,1.24896,-1.79685
1479,1.05314,-1.69301
1480,0.6346,-1.70204
1481,0.230222,-0.68172
1482,-0.190719,-0.307
1483,-0.50674,-0.284426
1484,-0.817615,-0.275397
1485,-0.922077,0.753955
1486,-1.07933,0.790072
1487,-1.44561,0.893911
1488,-1.76112,0.916484
1489,-1.8426,1.77428
1490,-2.24382,1.78331
1491,-2.31295,1.35892
1492,-2.35342,1.76525
1493,-2.30165,2.27992
1494,-2.31055,2.23478
1495,-2.27058,2.31153
1496,-2.36473,2.22123
1497,-2.1934,2.37925
1498,-2.35443,2.21672
1499,-2.21492,2.15351
1500,-2.08748,2.13094
1501,-2.08322,2.04516
1502,-2.14764,2.0271
1503,-1.97284,2.0271
1504,-1.80471,2.0271
1505,-1.61302,1.75622
1506,-1.72557,1.5666
1507,-1.57713,1.57563
1508,-1.39254,1.57112
1509,-1.24506,1.3499
1510,-1.24164,1.21445
1511,-1.14766,1.18737
1512,-0.995105,1.19188
1513,-0.836653,0.943572
1514,-0.796266,0.82619
1515,-0.676016,0.790072
1516,-0.198236,0.772014
1517,0.3786,0.139956
1518,0.903789,-0.356661
1519,1.5139,-0.415352
1520,2.08753,-0.442441
1521,2.58324,-2.11288
1522,3.0388,-2.59595
1523,3.41819,-2.62756
1524,3.6801,-2.60047
1525,3.85685,-3.72011
1526,4,-3.86458
1527,4,-3.8691
1528,3.94905,-3.8691
1529,3.88765,-3.98197
1530,4,-3.90522
1531,3.65675,-3.93682
1532,3.20149,-4.00002
1533,2.93459,-3.34539
1534,2.82969,-3.00679
1535,2.37047,-2.97519
1536,1.89591,-2.95713
1537,1.58285,-1.93681
1538,1.33325,-1.65238
1539,0.900393,-1.67947
1540,0.775975,-1.63884
1541,0.412211,-0.817161
1542,-0.0102337,-0.501132
1543,-0.353265,-0.442441
1544,-0.683348,-0.437926
1545,-0.753628,0.659146
1546,-1.24542,0.695264
1547,-1.45358,0.776528
1548,-1.43424,0.74944
1549,-1.68283,1.35441
1550,-1.98334,1.5982
1551,-2.40053,1.66592
1552,-2.46096,1.65689
1553,-2.42138,2.40182
1554,-2.49465,2.41988
1555,-2.63368,2.41536
1556,-2.59351,2.14448
1557,-2.58262,2.53726
1558,-2.54876,2.61853
1559,-2.5025,2.57338
1560,-2.34542,2.53275
1561,-2.17229,2.29347
1562,-2.28318,1.94584
1563,-2.26285,2.17609
1564,-2.07612,2.23026
1565,-1.86686,2.0271
1566,-1.93457,1.81491
1567,-1.75539,1.88714
1568,-1.5398,1.81942
1569,-1.27974,1.48534
1570,-1.10775,1.27315
1571,-0.679505,1.25057
1572,-0.134462,1.23251
1573,0.47814,0.090294
1574,1.0148,-0.460499
1575,1.659,-0.514676
1576,2.21796,-0.514676
1577,2.76037,-2.24832
1578,3.05501,-2.70431
1579,3.34899,-2.79008
1580,3.44853,-2.79911
1581,3.51121,-3.49438
1582,3.91654,-3.5305
1583,3.76344,-3.5305
1584,3.47761,-3.54404
1585,3.23672,-3.46729
1586,3.22053,-3.16029
1587,2.82961,-3.36345
1588,2.57392,-3.2551
1589,2.06253,-2.16706
1590,1.89783,-2.23478
1591,1.76894,-2.06322
1592,1.34455,-2.09031
1593,0.857405,-1.38601
1594,0.752703,-0.920999
1595,0.401716,-0.911969
1596,0.0477319,-0.920999
1597,-0.25553,-0.0722352
1598,-0.684126,0.216706
1599,-0.913313,0.194132
1600,-1.09457,0.162529
1601,-1.30558,1.05644
1602,-1.3325,1.2912
1603,-1.49037,1.2596
1604,-1.60788,1.26412
1605,-1.86067,1.54403
1606,-2.254,1.90069
1607,-2.09877,1.842
1608,-2.14567,1.95938
1609,-2.33162,2.13545
1610,-2.53885,2.29798
1611,-2.46803,2.24381
1612,-2.3741,2.42439
1613,-2.27465,2.31153
1614,-2.4104,2.22575
1615,-2.30473,2.31153
1616,-2.21754,2.3025
1617,-2.09096,2.149
1618,-2.21404,2.07225
1619,-2.03039,2.0271
1620,-1.83941,2.02259
1621,-1.63107,1.76976
1622,-1.55897,1.59369
1623,-1.17388,1.57112
1624,-0.814844,1.57112
1625,-0.336294,0.772014
1626,0.0227599,0.329573
1627,0.615003,0.288941
1628,1.1855,0.293455
1629,1.7739,-1.22348
1630,2.21301,-1.76073
1631,2.69296,-1.78782
1632,3.13568,-1.80588
1633,3.44376,-3.16932
1634,3.74103,-3.45826
1635,3.80229,-3.46729
1636,3.7698,-3.4402
1637,3.84517,-3.81041
1638,3.86537,-3.8691
1639,3.52836,-4.00002
1640,3.39492,-4.00002
1641,2.96893,-3.39957
1642,3.03301,-3.05194
1643,2.59532,-3.15126
1644,2.00763,-2.99325
1645,1.81612,-2.08579
1646,1.63158,-1.86457
1647,1.1869,-1.8736
1648,0.77045,-1.86909
1649,0.446782,-0.83522
1650,0.0529043,-0.505646
1651,-0.295261,-0.442441
1652,-0.621959,-0.496617
1653,-0.675245,0.541764
1654,-1.03033,0.708808
1655,-1.47652,0.632058
1656,-1.65066,0.632058
1657,-1.82064,1.57112
1658,-2.11954,1.9052
1659,-2.02868,1.79234
1660,-2.07105,1.81039
1661,-2.17985,2.0587
1662,-2.53781,2.11288
1663,-2.46696,1.61626
1664,-2.38434,2.15803
1665,-2.43598,2.37925
1666,-2.55474,2.43794
1667,-2.42751,2.36119
1668,-2.29,2.37022
1669,-2.1999,2.20769
1670,-2.16712,2.149
1671,-2.10334,2.18963
1672,-2.05298,2.13997
1673,-1.89778,2.00453
1674,-1.8892,1.842
1675,-1.71887,1.842
1676,-1.55772,1.86457
1677,-1.53808,1.51694
1678,-1.36413,1.48985
1679,-0.940864,1.5034
1680,-0.391107,1.48534
1681,0.248153,0.334088
1682,0.863303,-0.243794
1683,1.55724,-0.29797
1684,2.17455,-0.293455
1685,2.69422,-2.21672
1686,3.10339,-2.69076
1687,3.43274,-2.73139
1688,3.56366,-2.71785
1689,3.68864,-3.58467
1690,3.96064,-3.9323
1691,3.9253,-3.77429
1692,3.71445,-3.34991
1693,3.58332,-3.78783
1694,3.61493,-3.61176
1695,3.21709,-3.5937
1696,2.79091,-3.5621
1697,2.52032,-2.83975
1698,2.46235,-2.60047
1699,1.99395,-2.54629
1700,1.57177,-2.53726
1701,1.14312,-1.62529
1702,0.910156,-1.12868
1703,0.429884,-1.20994
1704,-0.0297816,-1.18737
1705,-0.412868,-0.0045147
1706,-0.48158,0.356661
1707,-0.76811,0.347632
1708,-1.0238,0.302485
1709,-1.28025,1.05193
1710,-1.80179,1.22348
1711,-1.97852,0.957116
1712,-2.12991,1.28217
1713,-2.09449,2.10836
1714,-2.58849,2.01807
1715,-2.62941,2.19414
1716,-2.42152,2.01356
1717,-2.59298,2.5192
1718,-2.69943,2.58241
1719,-2.64231,2.54629
1720,-2.51093,2.54178
1721,-2.52974,2.45148
1722,-2.61556,2.50566
1723,-2.45709,2.456
1724,-2.27001,2.46954
1725,-2.23029,2.19866
1726,-2.23009,2.18511
1727,-2.05052,2.15803
1728,-1.89686,2.15351
1729,-1.80802,1.83748
1730,-1.84572,1.76073
1731,-1.64066,1.76976
1732,-1.48036,1.75622
1733,-1.30256,1.43567
1734,-1.20583,1.26863
1735,-1.05291,1.25509
1736,-0.908756,1.24606
1737,-0.797731,0.871337
1738,-0.579175,0.753955
1739,-0.279322,0.74944
1740,0.14868,0.735896
1741,0.578659,-0.167044
1742,0.994632,-0.59594
1743,1.50431,-0.618514
1744,1.99227,-0.618514
1745,2.47599,-2.03613
1746,2.79871,-2.47406
1747,3.10108,-2.51469
1748,3.29732,-2.50566
1749,3.43199,-3.32282
1750,3.47463,-3.43569
1751,3.4125,-3.44923
1752,3.21713,-3.4718
1753,2.96878,-3.24155
1754,3.30573,-3.1648
1755,3.08824,-3.02033
1756,2.7113,-3.02936
1757,2.37753,-2.75397
1758,2.27496,-2.48308
1759,1.91143,-2.39731
1760,1.51511,-1.95487
1761,1.19724,-1.53951
1762,1.17277,-1.28217
1763,0.796081,-1.24606
1764,0.416834,-1.228
1765,0.0660215,-0.469529
1766,-0.334272,-0.14447
1767,-0.583511,-0.0857793
1768,-0.601092,-0.0993234
1769,-0.878222,0.591426
1770,-1.22422,0.790072
1771,-1.40992,0.821675
1772,-1.5296,0.857793
1773,-1.70192,1.45373
1774,-1.8958,1.76073
1775,-1.83378,1.69301
1776,-1.87299,1.62981
1777,-1.98321,1.90069
1778,-2.17554,1.92326
1779,-2.11362,1.94584
1780,-2.06608,1.93681
1781,-1.96336,2.00904
1782,-2.16323,1.95487
1783,-2.0943,1.94584
1784,-1.98272,1.96841
1785,-1.88837,1.93229
1786,-2.00646,1.90069
1787,-1.88985,1.86006
1788,-1.69057,1.86006
1789,-1.53968,1.64787
1790,-1.56382,1.50791
1791,-1.43639,1.48985
1792,-1.22655,1.47179
1793,-1.087,1.17382
1794,-1.02663,1.05193
1795,-0.935993,1.0429
1796,-0.844924,1.0429
1797,-0.787931,0.799102
1798,-0.773871,0.753955
1799,-0.667856,0.731381
1800,-0.593809,0.731381
1801,-0.526782,0.559823
1802,-0.518676,0.492102
1803,-0.478455,0.487588
1804,-0.43754,0.483073
1805,-0.46472,0.388264
1806,-0.426461,0.428897
1807,-0.425437,0.365691
1808,-0.375957,0.419867
1809,-0.437455,0.320544
1810,-0.539785,0.37472
1811,-0.524619,0.410838
1812,-0.546975,0.406323
1813,-0.525245,0.505646
1814,-0.55925,0.478558
1815,-0.558195,0.487588
1816,-0.540155,0.501132
1817,-0.550831,0.492102
1818,-0.594694,0.501132
1819,-0.596288,0.501132
1820,-0.564817,0.505646
1821,-0.577971,0.51919
1822,-0.600361,0.537249
1823,-0.598585,0.514676
1824,-0.606622,0.532735
1825,-0.567383,0.564338
1826,-0.607992,0.514676
1827,-0.566957,0.514676
1828,-0.591669,0.550793
1829,-0.585213,0.550793
1830,-0.584914,0.550793
1831,-0.567161,0.532735
1832,-0.557946,0.550793
1833,-0.645034,0.496617
1834,-0.659629,0.59594
1835,-0.630761,0.613999
1836,-0.599716,0.613999
1837,-0.576681,0.564338
1838,-0.657359,0.532735
1839,-0.632165,0.510161
1840,-0.590666,0.307
1841,-0.527932,0.546279
1842,-0.490236,0.356661
1843,-0.458233,0.478558
1844,-0.50849,0.492102
1845,-0.479924,0.397294
1846,-0.469045,0.437926
1847,-0.493442,0.428897
1848,-0.44992,0.370205
1849,-0.354753,0.397294
1850,-0.423382,0.311514
1851,-0.406514,0.311514
1852,-0.375131,0.329573
1853,-0.276742,0.343117
1854,-0.316038,0.23025
1855,-0.243433,0.239279
1856,-0.24203,0.23025
1857,-0.294768,0.189617
1858,-0.202012,0.243794
1859,-0.198923,0.194132
1860,-0.186815,0.266367
1861,-0.268029,0.139956
1862,-0.268843,0.23025
1863,-0.260597,0.23025
1864,-0.223684,0.239279
1865,-0.156047,0.194132
1866,-0.179212,0.126412
1867,-0.1696,0.126412
1868,-0.186317,0.126412
1869,-0.205204,0.14447
1870,-0.288701,0.171559
1871,-0.279816,0.176073
1872,-0.294697,0.167044
1873,-0.200252,0.261853
1874,-0.180494,0.176073
1875,-0.183462,0.176073
1876,-0.190829,0.167044
1877,-0.310311,0.14447
1878,-0.30772,0.266367
1879,-0.292968,0.275397
1880,-0.250813,0.225735
1881,-0.283483,0.234764
1882,-0.22713,0.216706
1883,-0.321124,0.225735
1884,-0.297121,0.23025
1885,-0.203115,0.243794
1886,-0.197168,0.162529
1887,-0.190867,0.1535
1888,-0.206444,0.176073
1889,-0.273518,0.171559
1890,-0.292715,0.23025
1891,-0.291307,0.243794
1892,-0.276086,0.248308
1893,-0.150613,0.239279
1894,-0.318801,0.117382
1895,-0.270321,0.0948087
1896,-0.265581,0.108353
1897,-0.115244,0.234764
1898,-0.122964,0.0812646
1899,-0.126535,0.0632058
1900,-0.148818,0.0812646
1901,-0.165796,0.103838
1902,-0.171748,0.126412
1903,-0.183142,0.139956
1904,-0.180128,0.117382
1905,-0.217833,0.0993234
1906,-0.270737,0.158015
1907,-0.189441,0.167044
1908,-0.194214,0.167044
1909,-0.210137,0.167044
1910,-0.314407,0.176073
1911,-0.295651,0.0812646
1912,-0.256052,0.162529
1913,-0.304869,0.239279
1914,-0.313021,0.279911
1915,-0.293369,0.284426
1916,-0.262113,0.261853
1917,-0.245462,0.239279
1918,-0.215342,0.22122
1919,-0.206343,0.126412
1920,-0.130718,0.194132
1921,-0.235729,0.108353
1922,-0.155957,0.171559
1923,-0.0627251,0.189617
1924,-0.045258,0.194132
1925,-0.183953,-0.0225735
1926,-0.03497,0.0948087
1927,0.00520019,0.148985
1928,0.0149522,0.1535
1929,-0.112062,-0.0677205
1930,0.018982,0.0406323
1931,0.0125787,0.090294
1932,0.0157055,0.108353
1933,-0.116509,-0.0722352
1934,0.00562661,0.0586911
1935,-0.0064782,0.0586911
1936,-0.0115964,0.0993234
1937,-0.0733819,-0.0045147
1938,-0.162067,0.0135441
1939,-0.0504772,0.0135441
1940,-0.0685917,0.0180588
1941,-0.101978,0.0135441
1942,-0.144671,0.0767499
1943,-0.141743,0.0722352
1944,-0.153283,0.0677205
1945,-0.0729194,0.0857793
1946,-0.12148,0.045147
1947,-0.114527,0.0135441
1948,-0.124034,0.0406323
1949,-0.00459995,0.0948087
1950,-0.0217253,-0.0316029
1951,-0.0100803,-0.0225735
1952,-0.0142165,-0.0225735
1953,-0.102249,-0.0090294
1954,-0.0811936,0.0270882
1955,-0.044683,0.0496617
1956,-0.05199,0.0677205
1957,-0.118122,0.0135441
1958,-0.0849703,0.0767499
1959,-0.0832786,0.090294
1960,-0.0674199,0.0812646
1961,-0.00158741,0.0135441
1962,-0.0633192,-0.0496617
1963,-0.0398818,-0.0496617
1964,-0.0452722,-0.0225735
1965,0.0501852,-0.0045147
1966,0.0174613,-0.0812646
1967,0.0217797,-0.0812646
1968,-0.000402643,-0.0677205
1969,-0.107401,-0.0090294
1970,-0.0182553,0.045147
1971,-0.0256607,0.0632058
1972,-0.0417209,0.0541764
1973,-0.149378,-0.0180588
1974,-0.0276054,0.112867
1975,-0.0317878,0.108353
1976,-0.0523507,0.0993234
1977,-0.048761,0.0135441
1978,-0.0486353,-0.0045147
1979,-0.0546134,0.0270882
1980,-0.0670132,0.0270882
1981,-0.119929,0.0270882
1982,-0.142569,0.090294
1983,-0.139382,0.0948087
1984,-0.110086,0.0270882
1985,-0.040056,0.0677205
1986,-0.0506773,0
1987,-0.0634537,-0.0225735
1988,-0.125408,-0.0361176
1989,-0.0598008,0.090294
1990,-0.112533,0.0045147
1991,-0.0459078,-0.0045147
1992,-0.0641138,0.0090294
1993,-0.127089,0.0180588
1994,-0.0354756,0.0677205
1995,-0.113774,0.090294
1996,-0.100456,0.090294
1997,-0.0268504,0.0677205
1998,-0.10387,-0.0045147
1999,-0.0182597,-0.0225735
2000,-0.000787978,-0.0361176
2001,-0.082934,-0.045147
2002,0.0139626,0.0270882
2003,-0.000871422,0.0180588
2004,-0.0817351,0.0180588
2005,-0.0324482,0.0496617
2006,-0.121208,-0.0045147
2007,-0.131187,-0.0045147
2008,-0.0537435,0.0045147
2009,-0.0184164,0.0135441
2010,0.00454173,-0.0135441
2011,0.0131518,-0.0180588
2012,-0.0219686,-0.0225735
2013,-0.165162,-0.0225735
2014,-0.143383,0.0993234
2015,-0.15197,0.126412
2016,-0.151498,0.121897
2017,-0.052733,0.112867
2018,-0.130322,-0.0045147
2019,-0.0781895,-0.0045147
2020,-0.081342,-0.0045147
2021,-0.144872,0.0316029
2022,-0.0852885,0.0993234
2023,-0.104853,0.108353
2024,-0.093576,0.103838
2025,-0.193991,0.045147
2026,-0.193209,0.126412
2027,-0.159956,0.158015
2028,-0.168456,0.148985
2029,-0.0779429,0.130926
2030,-0.169661,0.0677205
2031,-0.151151,0
2032,-0.0809917,0.045147
2033,-0.0601707,0.0361176
2034,-0.0486979,0.0361176
2035,-0.0629,0.0225735
2036,-0.0768429,0.0135441
2037,-0.159603,0.0225735
2038,-0.152487,0.112867
2039,-0.148887,0.112867
2040,-0.139718,0.103838
2041,-0.0437753,0.0993234
2042,-0.147602,0.0135441
2043,-0.14183,-0.0090294
2044,-0.109,0
2045,-0.0466748,0.0857793
2046,-0.0465491,-0.0045147
2047,-0.0610427,0.0090294
2048,-0.0958674,0.0135441
2049,-0.219506,0.0632058
2050,-0.130598,0.171559
2051,-0.197431,0.158015
2052,-0.219455,0.185103
2053,-0.15037,0.194132
2054,-0.153298,0.117382
2055,-0.129836,0.121897
2056,-0.15295,0.108353
2057,-0.100205,0.108353
2058,-0.171975,0.0180588
2059,-0.0903349,0.0586911
2060,-0.0347552,0.0270882
2061,0.300389,-0.0180588
2062,0.733705,-0.338602
2063,1.17871,-0.334088
2064,1.68822,-0.334088
2065,2.10803,-1.71107
2066,2.71542,-2.10385
2067,3.16683,-2.12642
2068,3.55165,-2.15351
2069,3.87207,-3.58016
2070,4,-3.86007
2071,4,-3.88716
2072,4,-3.88716
2073,4,-3.99551
2074,4,-3.99099
2075,4,-3.99099
2076,4,-3.99099
2077,4,-3.99099
2078,3.85055,-3.99099
2079,3.39815,-3.98648
2080,2.96112,-3.98648
2081,3.0984,-3.10611
2082,3.17122,-3.12869
2083,2.68571,-3.11966
2084,2.15563,-3.15126
2085,1.61568,-2.22575
2086,1.65486,-1.70204
2087,1.14247,-1.65238
2088,0.692599,-1.64787
2089,0.16773,-0.753955
2090,-0.127659,-0.266367
2091,-0.286108,-0.203161
2092,-0.610912,-0.203161
2093,-0.87978,0.514676
2094,-1.39583,0.821675
2095,-1.3704,0.839734
2096,-1.53233,0.857793
2097,-1.80135,1.50791
2098,-2.15732,1.74267
2099,-2.18772,1.73364
2100,-2.10004,1.76525
2101,-2.06265,2.09934
2102,-2.01519,2.03613
2103,-1.74617,1.9955
2104,-1.41743,1.81039
2105,-1.08248,1.38601
2106,-0.962099,1.02935
2107,-0.534425,1.0429
2108,-0.0632429,1.0429
2109,0.507895,0.0270882
2110,1.00273,-0.501132
2111,1.56985,-0.546279
2112,2.07828,-0.568852
2113,2.38364,-2.11739
2114,2.70126,-2.37925
2115,2.80836,-2.43342
2116,2.82994,-2.43794
2117,2.95475,-2.37473
2118,2.84815,-3.05194
2119,2.8489,-3.01582
2120,2.57025,-2.58692
2121,2.16677,-2.58692
2122,2.35408,-2.39731
2123,1.90375,-2.19866
2124,1.56662,-2.24832
2125,1.29843,-1.62529
2126,1.04194,-1.39053
2127,0.704039,-1.37698
2128,0.634435,-1.33184
2129,0.287698,-0.659146
2130,-0.118052,-0.38375
2131,-0.397365,-0.329573
2132,-0.573783,-0.316029
2133,-0.68476,0.537249
2134,-1.11682,0.609484
2135,-1.30362,0.695264
2136,-1.38699,0.654632
2137,-1.45255,1.21897
2138,-1.90008,1.44922
2139,-2.02793,1.38601
2140,-2.07754,1.37698
2141,-2.08794,2.06773
2142,-2.30153,2.05419
2143,-2.2846,1.9955
2144,-2.24143,2.04516
2145,-2.27772,2.16706
2146,-2.38598,2.40634
2147,-2.17248,2.25735
2148,-2.06078,2.18963
2149,-2.11122,2.01356
2150,-2.19921,2.04064
2151,-2.0702,2.06322
2152,-1.92142,2.0587
2153,-1.85317,1.88263
2154,-1.97745,1.79234
2155,-1.84408,1.81039
2156,-1.71225,1.81039
2157,-1.58353,1.65238
2158,-1.55246,1.54403
2159,-1.40106,1.52597
2160,-1.28031,1.55306
2161,-1.29241,1.24154
2162,-1.17632,1.24154
2163,-1.06969,1.24606
2164,-0.915741,1.25509
2165,-0.876796,0.875852
2166,-0.831287,0.839734
2167,-0.70336,0.848764
2168,-0.613875,0.812646
2169,-0.504659,0.582396
2170,-0.528092,0.474044
2171,-0.471284,0.446955
2172,-0.430094,0.460499
2173,-0.377077,0.406323
2174,-0.371043,0.338602
2175,-0.377521,0.334088
2176,-0.35622,0.334088
2177,-0.367788,0.302485
2178,-0.423328,0.329573
2179,-0.427445,0.311514
2180,-0.429367,0.329573
2181,-0.443317,0.388264
2182,-0.515072,0.397294
2183,-0.518672,0.415352
2184,-0.514879,0.410838
2185,-0.523642,0.465014
2186,-0.686619,0.483073
2187,-0.670124,0.483073
2188,-0.670884,0.478558
2189,-0.677965,0.623029
2190,-0.685993,0.650117
2191,-0.692006,0.632058
2192,-0.662336,0.632058
2193,-0.667215,0.627543
2194,-0.719206,0.632058
2195,-0.724897,0.627543
2196,-0.700109,0.623029
2197,-0.686249,0.645602
2198,-0.725418,0.627543
2199,-0.720293,0.636573
2200,-0.697685,0.641087
2201,-0.684197,0.654632
2202,-0.708944,0.650117
2203,-0.681747,0.627543
2204,-0.648366,0.636573
2205,-0.727223,0.627543
2206,-0.736137,0.68172
2207,-0.698555,0.699778
2208,-0.647852,0.686234
