1, -0.491119,0,-0.0225735
2, -0.491119,0,-0.045147
3, -0.488982,0,-0.0135441
4, -0.488982,0,-0.0406323
5, -0.492187,0,-0.0225735
6, -0.493256,0,-0.0270882
7, -0.49005,0,-0.0406323
8, -0.493256,0,-0.0135441
9, -0.492187,0,-0.0316029
10, -0.491119,0,-0.0316029
11, -0.49005,0,-0.0316029
12, -0.488982,0,-0.0180588
13, -0.491119,0,-0.0316029
14, -0.49005,0,-0.0225735
15, -0.493256,0,-0.0361176
16, -0.491119,0,-0.045147
17, -0.49005,0,-0.0316029
18, -0.492187,0,-0.0135441
19, -0.491119,0,-0.0316029
20, -0.491119,0,-0.0496617
21, -0.49005,0,-0.0361176
22, -0.493256,0,-0.0270882
23, -0.492187,0,-0.045147
24, -0.492187,0,-0.0406323
25, -0.492187,0,-0.045147
26, -0.491119,0,-0.0496617
27, -0.493256,0,-0.0361176
28, -0.491119,0,-0.0406323
29, -0.492187,0,-0.045147
30, -0.491119,0,-0.0406323
31, -0.49005,0,-0.0316029
32, -0.491119,0,-0.0361176
33, -0.492187,0,-0.0316029
34, -0.49005,0,-0.0406323
35, -0.491119,0,-0.0225735
36, -0.492187,0,-0.0406323
37, -0.492187,0,-0.0361176
38, -0.492187,0,-0.0180588
39, -0.491119,0,-0.045147
40, -0.493256,0,-0.0180588
41, -0.492187,0,-0.0180588
42, -0.491119,0,-0.0180588
43, -0.492187,0,-0.045147
44, -0.488982,0,-0.0090294
45, -0.49005,0,-0.0135441
46, -0.493256,0,-0.0135441
47, -0.493256,0,-0.0406323
48, -0.488982,0,-0.0361176
49, -0.492187,0,-0.045147
50, -0.493256,0,-0.0180588
51, -0.49005,0,-0.0361176
52, -0.493256,0,-0.0135441
53, -0.492187,0,-0.045147
54, -0.492187,0,-0.0180588
55, -0.49005,0,-0.045147
56, -0.49005,0,-0.0090294
57, -0.492187,0,-0.0496617
58, -0.492187,0,-0.0225735
59, -0.494325,0,-0.045147
60, -0.494325,0,-0.0090294
61, -0.492187,0,-0.0406323
62, -0.491119,0,-0.0180588
63, -0.487913,0,-0.045147
64, -0.492187,0,-0.0406323
65, -0.492187,0,-0.0406323
66, -0.491119,0,-0.0225735
67, -0.493256,0,-0.045147
68, -0.49005,0,-0.0406323
69, -0.491119,0,-0.0316029
70, -0.493256,0,-0.0225735
71, -0.492187,0,-0.0316029
72, -0.491119,0,-0.045147
73, -0.491119,0,-0.0361176
74, -0.488982,0,-0.0090294
75, -0.493256,0,-0.045147
76, -0.492187,0,-0.0316029
77, -0.492187,0,-0.0406323
78, -0.488982,0,-0.0316029
79, -0.493256,0,-0.045147
80, -0.491119,0,-0.0135441
81, -0.492187,0,-0.0225735
82, -0.493256,0,-0.0406323
83, -0.49005,0,-0.0135441
84, -0.493256,0,-0.0225735
85, -0.491119,0,-0.0270882
86, -0.485776,0,-0.0406323
87, -0.493256,0,-0.0135441
88, -0.491119,0,-0.045147
89, -0.488982,0,-0.0270882
90, -0.485776,0,-0.0406323
91, -0.488982,0,-0.0090294
92, -0.491119,0,-0.045147
93, -0.491119,0,-0.0406323
94, -0.486845,0,-0.0135441
95, -0.491119,0,-0.0361176
96, -0.491119,0,-0.0270882
97, -0.492187,0,-0.0270882
98, -0.49005,0,-0.0406323
99, -0.493256,0,-0.0225735
100, -0.49005,0,-0.0316029
101, -0.493256,0,-0.0406323
102, -0.492187,0,-0.0180588
103, -0.491119,0,-0.0406323
104, -0.491119,0,-0.0180588
105, -0.488982,0,-0.0180588
106, -0.486845,0,-0.045147
107, -0.488982,0,-0.0316029
108, -0.484707,0,-0.0225735
109, -0.481502,0,-0.045147
110, -0.477227,0,-0.0180588
111, -0.477227,0,-0.0406323
112, -0.472953,0,-0.0316029
113, -0.462267,0,-0.0135441
114, -0.456925,0,-0.0361176
115, -0.456925,0,-0.0135441
116, -0.455856,0,-0.045147
117, -0.433416,0,-0.0406323
118, -0.429142,0,-0.0225735
119, -0.428073,0,-0.045147
120, -0.427005,0,-0.0406323
121, -0.394948,0,-0.045147
122, -0.386399,0,-0.045147
123, -0.384262,0,-0.0225735
124, -0.378919,0,-0.045147
125, -0.338313,0,-0.045147
126, -0.328696,0,-0.0135441
127, -0.326559,0,-0.0406323
128, -0.324422,0,-0.0316029
129, -0.277405,-4,-0.0045147
130, -0.263514,-4,3.98648
131, -0.262445,-4,3.93682
132, -0.260308,-4,3.98197
133, -0.207948,-4,3.99551
134, -0.19192,-1.3395,3.33636
135, -0.187645,-1.71225,1.43116
136, -0.186577,-2.15646,1.26863
137, -0.141697,-2.7348,1.27766
138, -0.13208,-0.500437,1.65689
139, -0.13208,-0.702316,0.555308
140, -0.131011,-1.35001,0.465014
141, -0.0936112,-1.89309,0.469529
142, -0.0818569,0.0521083,1.89166
143, -0.0807883,0.0639491,0.0496617
144, -0.0818569,-0.455233,-0.090294
145, -0.0508684,-0.948502,-0.0812646
146, -0.0497998,0.413211,0.916484
147, -0.0487313,0.00810528,-0.307
148, -0.0455256,-0.169061,-0.501132
149, -0.0262913,-0.404072,-0.455985
150, -0.0230856,0.36398,0.185103
151, -0.0188113,0.369896,-0.365691
152, -0.0198799,0.302509,-0.388264
153, -0.0059885,-0.117117,-0.392779
154, -0.00278279,0.360791,0.090294
155, -0.00385136,0.297521,-0.325058
156, -0.00171422,0.147892,-0.446955
157, 0.00683433,0.0505658,-0.388264
158, 0.01004,0.272189,-0.0812646
159, 0.0079029,0.309849,-0.284426
160, 0.00683433,-0.0193569,-0.320544
161, 0.0111086,-0.256022,-0.307
162, 0.0143143,0.0638426,0.243794
163, 0.0132457,0.223189,-0.0767499
164, 0.00683433,0.00653111,-0.0722352
165, 0.0143143,-0.485441,-0.0812646
166, 0.0143143,-0.123702,0.455985
167, 0.0153829,-0.203762,0.14447
168, 0.0153829,-0.196502,0.0857793
169, 0.0164514,-0.176854,0.0948087
170, 0.0153829,-0.0955748,0.14447
171, 0.0185886,-0.151638,0.0812646
172, 0.0153829,-0.0408518,0.0316029
173, 0.0164514,-0.296626,0.0767499
174, 0.0143143,-0.416417,0.266367
175, 0.0121772,-0.51806,0.379235
176, 0.0143143,-0.593538,0.302485
177, 0.0132457,-0.290308,0.316029
178, 0.0143143,-0.304314,0.243794
179, 0.0132457,-0.237937,0.279911
180, 0.0111086,-0.277561,0.266367
181, 0.0143143,-0.411293,0.270882
182, 0.0153829,-0.324269,0.37472
183, 0.0143143,-0.0950249,0.29797
184, 0.0132457,-0.163991,0.307
185, 0.0153829,-0.248175,0.311514
186, 0.0153829,-0.340699,0.243794
187, 0.0143143,-0.290802,0.29797
188, 0.0164514,-0.357884,0.329573
189, 0.01752,-0.188336,0.316029
190, 0.0196572,-0.0077376,0.171559
191, 0.0164514,0.0385991,0
192, 0.0164514,-0.210271,-0.0180588
193, 0.0153829,-0.371412,-0.0361176
194, 0.01752,-0.285278,0.352147
195, 0.0164514,-0.20222,0.261853
196, 0.01752,-0.158921,0.261853
197, 0.0153829,-0.081483,0.266367
198, 0.01752,-0.373177,0.0541764
199, 0.0153829,-0.233836,0.302485
200, 0.0164514,-0.354623,0.352147
201, 0.01752,-0.274164,0.347632
202, 0.01752,-0.00369588,0.248308
203, 0.0185886,-0.120708,0.0090294
204, 0.01752,-0.104975,-0.0270882
205, 0.0185886,-0.218071,-0.0135441
206, 0.0185886,-0.206064,0.135441
207, 0.01752,-0.217715,0.180588
208, 0.0164514,-0.255339,0.167044
209, 0.01752,-0.321126,0.167044
210, 0.0164514,-0.370581,0.293455
211, 0.0185886,-0.332849,0.343117
212, 0.0164514,-0.175815,0.347632
213, 0.0185886,-0.316725,0.365691
214, 0.0143143,-0.0670024,0.270882
215, 0.01752,-0.517572,0.0496617
216, 0.0185886,-0.264272,0.0270882
217, 0.0185886,-0.195306,0.0361176
218, 0.0185886,0.056841,0.180588
219, 0.0185886,-0.0120425,-0.045147
220, 0.0185886,-0.0370701,-0.0993234
221, 0.0185886,-0.295531,-0.103838
222, 0.0185886,-0.0810841,0.266367
223, 0.0196572,-0.100934,0.090294
224, 0.0207257,-0.0243585,0.0586911
225, 0.0185886,-0.00690026,0.0586911
226, 0.0196572,-0.338409,-0.0361176
227, 0.0185886,-0.132193,0.266367
228, 0.0207257,-0.129845,0.29797
229, 0.0207257,0.000866918,0.293455
230, 0.0207257,-0.22782,-0.0135441
231, 0.0185886,-0.20856,0.198647
232, 0.0185886,-0.323464,0.135441
233, 0.0196572,-0.186172,0.194132
234, 0.0207257,-0.174395,0.148985
235, 0.0185886,-0.142496,0.139956
236, 0.0196572,-0.286585,0.148985
237, 0.0207257,-0.197496,0.1535
238, 0.0196572,0.0930948,0.171559
239, 0.0196572,-0.178941,-0.103838
240, 0.0217943,-0.208873,-0.108353
241, 0.025,-0.107346,-0.117382
242, 0.0207257,0.266648,0.0948087
243, 0.0207257,-0.00215365,-0.284426
244, 0.0228629,-0.260183,-0.302485
245, 0.0217943,-0.148458,-0.29797
246, 0.025,-0.0279617,0.121897
247, 0.0228629,0.171989,0.0361176
248, 0.0217943,0.0383724,0.0090294
249, 0.0217943,-0.0937094,0.0135441
250, 0.0207257,-0.226529,0.045147
251, 0.0196572,-0.12184,0.167044
252, 0.0185886,-0.175819,0.198647
253, 0.0196572,-0.213558,0.203161
254, 0.0196572,-0.229945,0.194132
255, 0.0185886,-0.181184,0.203161
256, 0.0185886,-0.175341,0.22122
257, 0.0228629,-0.0869243,0.203161
258, 0.0217943,0.114289,0.0541764
259, 0.0217943,0.0170011,-0.112867
260, 0.0207257,-0.0127731,-0.139956
261, 0.0239314,-0.118691,-0.126412
262, 0.0217943,0.197093,0.103838
263, 0.0217943,0.0703797,-0.243794
264, 0.0239314,-0.0834255,-0.248308
265, 0.0228629,0.0140599,-0.212191
266, 0.025,0.0711672,-0.045147
267, 0.0207257,0.180577,-0.0857793
268, 0.0228629,-0.121409,-0.0948087
269, 0.0217943,-0.0109779,-0.108353
270, 0.0239314,-0.217194,-0.0316029
271, 0.0207257,0.0522204,0.162529
272, 0.0196572,-0.157655,0.189617
273, 0.0217943,-0.22199,0.180588
274, 0.0185886,-0.190167,0.194132
275, 0.0196572,-0.195909,0.167044
276, 0.0196572,-0.121333,0.14447
277, 0.0185886,-0.105367,0.139956
278, 0.0196572,-0.139812,0.0767499
279, 0.0185886,-0.0412303,0.103838
280, 0.0185886,-0.109607,0.135441
281, 0.0185886,-0.0988189,0.126412
282, 0.0207257,-0.16205,0.0857793
283, 0.0228629,-0.0165087,0.126412
284, 0.0196572,0.100826,0.135441
285, 0.0153829,-0.0919475,0.130926
286, 0.0217943,-0.293045,0.0541764
287, 0.0196572,0.121687,0.243794
288, 0.0196572,0.0108243,0.284426
289, 0.0228629,-0.00988815,0.284426
290, 0.0185886,0.0136611,0.0045147
291, 0.0207257,-0.203202,-0.0316029
292, 0.0185886,-0.0707638,-0.0632058
293, 0.0207257,-0.103724,-0.0586911
294, 0.0239314,-0.0107839,0.0722352
295, 0.0207257,0.305705,-0.0270882
296, 0.0185886,0.0545618,-0.0135441
297, 0.0217943,-0.228661,-0.0406323
298, 0.0207257,0.0806502,0.216706
299, 0.0217943,-0.0755104,-0.0677205
300, 0.0185886,0.10713,-0.121897
301, 0.0185886,-0.0462604,-0.130926
302, 0.0196572,-0.182374,0.0270882
303, 0.0185886,0.027999,0.1535
304, 0.0217943,-0.021391,0.135441
305, 0.0207257,0.0471934,0.1535
306, 0.0207257,-0.042327,-0.0632058
307, 0.0164514,-0.0761,0.0316029
308, 0.0185886,-0.343133,0.0090294
309, 0.0207257,-0.161935,0.0090294
310, 0.0185886,0.192171,0.130926
311, 0.0185886,0.128142,-0.180588
312, 0.0228629,0.082402,-0.225735
313, 0.0185886,0.269606,-0.225735
314, 0.0185886,-0.228272,-0.347632
315, 0.01752,-0.183438,0.1535
316, 0.0196572,-0.241889,0.189617
317, 0.0185886,-0.0340956,0.185103
318, 0.0196572,0.0205379,0.0270882
319, 0.0185886,-0.00161708,-0.0316029
320, 0.0153829,-0.122048,-0.0361176
321, 0.0164514,-0.313369,-0.045147
322, 0.01752,-0.0979334,0.284426
323, 0.0185886,0.0261078,0.090294
324, 0.01752,0.0836965,0.0677205
325, 0.0185886,0.00280628,0.0586911
326, 0.01752,-0.0878007,-0.0316029
327, 0.0143143,-0.0179062,0.045147
328, 0.0196572,-0.230645,0.0632058
329, 0.0164514,0.119278,0.0677205
330, 0.01752,-0.16128,-0.162529
331, 0.0196572,-0.0509315,0.0948087
332, 0.01752,0.0925674,0.130926
333, 0.0185886,-0.0182948,0.130926
334, 0.0196572,0.0465866,-0.0045147
335, 0.01752,0.00846578,-0.0722352
336, 0.0164514,-0.151157,-0.0722352
337, 0.0185886,-0.179561,-0.0722352
338, 0.0185886,0.113586,0.148985
339, 0.01752,0.0801292,-0.103838
340, 0.01752,-0.0489321,-0.130926
341, 0.0185886,-0.0127281,-0.139956
342, 0.0164514,0.1219,-0.0090294
343, 0.0185886,-0.100954,-0.148985
344, 0.0132457,0.100324,-0.148985
345, 0.0185886,-0.254503,-0.171559
346, 0.0164514,-0.0230018,0.23025
347, 0.0164514,-0.0126954,0.0270882
348, 0.0164514,0.00742745,0.0180588
349, 0.01752,-0.0321134,-0.0180588
350, 0.0207257,-0.0204953,0
351, 0.01752,0.280343,0.0045147
352, 0.0164514,0.0450085,-0.0180588
353, 0.0143143,-0.0755806,-0.0135441
354, 0.01752,-0.252579,0.0496617
355, 0.0164514,0.0607734,0.185103
356, 0.0185886,-0.013486,0.234764
357, 0.0143143,0.108595,0.234764
358, 0.0164514,-0.366886,-0.126412
359, 0.0164514,-0.12693,0.257338
360, 0.0164514,-0.0720133,0.338602
361, 0.01752,-0.0468276,0.343117
362, 0.0111086,0.0136235,0.0316029
363, 0.0153829,-0.447352,-0.0135441
364, 0.0143143,-0.167374,-0.0361176
365, 0.0164514,-0.186127,0.135441
366, 0.0143143,0.0513986,0.171559
367, 0.0164514,-0.163688,-0.0541764
368, 0.0121772,-0.0414485,-0.0677205
369, 0.0153829,-0.28879,-0.0225735
370, 0.0121772,0.0117752,0.185103
371, 0.0121772,-0.253406,-0.0270882
372, 0.0153829,-0.218885,-0.0496617
373, 0.0132457,-0.0077151,0.0541764
374, 0.0143143,-0.0146691,-0.045147
375, 0.0121772,-0.0877423,-0.0135441
376, 0.0143143,-0.250228,-0.0316029
377, 0.0143143,-0.0916259,-0.0135441
378, 0.0132457,0.0420565,0.045147
379, 0.0143143,-0.0507579,-0.0812646
380, 0.0143143,-0.097667,-0.0812646
381, 0.0143143,-0.108023,-0.0316029
382, 0.0132457,-0.0956676,0.0812646
383, 0.0143143,-0.0604092,0.0722352
384, 0.0143143,-0.0190598,0.0632058
385, 0.0132457,-0.0256906,0.0722352
386, 0.0132457,-0.198838,0
387, 0.0143143,-0.0906149,0.162529
388, 0.0153829,0.0114193,0.1535
389, 0.0132457,0.0521791,0.162529
390, 0.0164514,-0.205901,-0.0857793
391, 0.0132457,0.0966643,0.14447
392, 0.0121772,-0.120979,0.171559
393, 0.0111086,-0.175547,0.185103
394, 0.0121772,-0.378037,0.162529
395, 0.0121772,-0.264626,0.347632
396, 0.0132457,-0.161811,0.29797
397, 0.0153829,0.0537828,0.356661
398, 0.0143143,0.162056,-0.0767499
399, 0.0164514,-0.0678928,-0.189617
400, 0.0132457,-0.00233916,-0.185103
401, 0.01752,-0.198565,-0.185103
402, 0.0132457,0.176965,0.167044
403, 0.0143143,-0.209122,-0.189617
404, 0.0143143,-0.120033,-0.225735
405, 0.0153829,-0.158279,-0.22122
406, 0.0121772,-0.036712,0.130926
407, 0.0121772,-0.150289,0.0406323
408, 0.0121772,-0.115495,0.0045147
409, 0.0132457,-0.15935,0.0045147
410, 0.0143143,-0.222456,0.135441
411, 0.0143143,-0.0741778,0.189617
412, 0.0111086,-0.0575071,0.180588
413, 0.01004,-0.282328,0.203161
414, 0.00897147,-0.405736,0.261853
415, 0.01004,-0.419038,0.365691
416, 0.0111086,-0.252708,0.365691
417, 0.01004,-0.153695,0.365691
418, 0.0111086,-0.123456,0.121897
419, 0.0121772,-0.168481,0.112867
420, 0.00897147,-0.10501,0.0857793
421, 0.0111086,-0.289426,0.090294
422, 0.0164514,-0.0790864,0.234764
423, 0.0111086,0.215761,0.0677205
424, 0.0153829,-0.233639,0.0586911
425, 0.0143143,-0.0252918,0.0541764
426, 0.0132457,-0.0880585,0.0045147
427, 0.0121772,-0.0598624,0.0496617
428, 0.0079029,-0.153971,0.0677205
429, 0.0121772,-0.390957,0.0677205
430, 0.0111086,-0.197784,0.356661
431, 0.0121772,-0.161936,0.185103
432, 0.0143143,-0.0702584,0.176073
433, 0.0121772,0.0759877,0.171559
434, 0.0143143,-0.180524,-0.108353
435, 0.0111086,-0.124579,0.135441
436, 0.0132457,-0.294482,0.14447
437, 0.0132457,-0.081237,0.14447
438, 0.0121772,0.023419,0.0541764
439, 0.0153829,-0.143414,-0.0361176
440, 0.0132457,0.0211532,-0.0722352
441, 0.0132457,-0.126387,-0.045147
442, 0.0143143,-0.0748072,0.0993234
443, 0.0111086,-0.141839,0.0541764
444, 0.0143143,-0.319625,0.0361176
445, 0.0153829,-0.0805647,0.0406323
446, 0.0121772,0.0517904,0.0496617
447, 0.0153829,-0.0926969,-0.0541764
448, 0.0143143,0.0511579,-0.0767499
449, 0.0143143,-0.0280063,-0.0812646
450, 0.0143143,-0.175339,0.0135441
451, 0.0132457,-0.0622537,0.130926
452, 0.0132457,-0.111644,0.14447
453, 0.0111086,-0.128041,0.148985
454, 0.0111086,-0.346695,0.0993234
455, 0.01004,-0.310722,0.311514
456, 0.00897147,-0.258045,0.329573
457, 0.0111086,-0.217292,0.329573
458, 0.0111086,-0.0631205,0.194132
459, 0.0143143,-0.1817,0.0496617
460, 0.0121772,0.00357973,0.0361176
461, 0.0111086,-0.156906,0.0361176
462, 0.0132457,-0.0966631,0.126412
463, 0.0132457,-0.0907302,0.0857793
464, 0.0132457,-0.0839841,0.0677205
465, 0.0153829,-0.146122,0.045147
466, 0.0132457,-0.00893725,0.121897
467, 0.0143143,-0.114664,0.0180588
468, 0.0143143,-0.0238493,-0.0180588
469, 0.0111086,-0.0700209,-0.0316029
470, 0.01004,-0.341244,0.0361176
471, 0.0121772,-0.307006,0.275397
472, 0.0111086,-0.141184,0.311514
473, 0.0079029,-0.176766,0.316029
474, 0.0111086,-0.464386,0.148985
475, 0.00683433,-0.233798,0.388264
476, 0.00897147,-0.416844,0.460499
477, 0.0132457,-0.166216,0.442441
478, 0.0132457,0.119372,0.130926
479, 0.0111086,-0.015173,-0.0993234
480, 0.0121772,-0.181427,-0.14447
481, 0.0143143,-0.146981,-0.139956
482, 0.0132457,0.0696732,0.121897
483, 0.0121772,-0.10277,-0.0722352
484, 0.0143143,-0.227084,-0.0948087
485, 0.0121772,-0.11277,-0.0993234
486, 0.0132457,-0.105642,0.103838
487, 0.0143143,-0.050916,0.0857793
488, 0.0143143,-0.0820174,0.0722352
489, 0.0132457,-0.0965306,0.0767499
490, 0.0132457,-0.158593,0.0632058
491, 0.0111086,-0.0558207,0.126412
492, 0.0121772,-0.203361,0.117382
493, 0.0143143,-0.123334,0.135441
494, 0.0132457,-0.0745236,0.0767499
495, 0.0132457,-0.0389918,0.0541764
496, 0.0132457,-0.0609988,0.0406323
497, 0.0111086,-0.065314,0.0361176
498, 0.0121772,-0.313742,0.0586911
499, 0.0143143,-0.191743,0.225735
500, 0.0121772,0.0496656,0.279911
501, 0.0132457,-0.0814776,0.29797
502, 0.0132457,-0.0437384,0.045147
503, 0.0132457,-0.15514,0.0045147
504, 0.0153829,-0.18303,0.0225735
505, 0.0132457,-0.033922,0.0316029
506, 0.0143143,-0.093204,-0.0090294
507, 0.0153829,-0.136071,0.045147
508, 0.0132457,-0.0858184,0.0677205
509, 0.0153829,-0.205469,0.0677205
510, 0.0111086,0.0507264,0.180588
511, 0.0121772,-0.237292,-0.0586911
512, 0.0111086,-0.162875,-0.0767499
513, 0.01004,-0.33516,-0.0722352
514, 0.0121772,-0.329043,0.307
515, 0.0111086,-0.0757099,0.307
516, 0.0111086,-0.104387,0.284426
517, 0.0121772,-0.117764,0.288941
518, 0.01004,-0.0992848,0.0767499
519, 0.0153829,-0.225135,0.0677205
520, 0.0111086,0.126083,0.0767499
521, 0.0132457,-0.170293,0.0767499
522, 0.0153829,-0.181894,0.148985
523, 0.0121772,-0.0470254,0.148985
524, 0.0153829,-0.221517,0.180588
525, 0.0111086,0.00357654,0.158015
526, 0.0121772,-0.236156,-0.0316029
527, 0.0121772,-0.21375,0.194132
528, 0.0143143,-0.233442,0.207676
529, 0.0111086,-0.03773,0.203161
530, 0.0121772,-0.146833,-0.0045147
531, 0.0111086,-0.0564501,0.0993234
532, 0.0132457,-0.190057,0.112867
533, 0.0121772,0.01358,0.126412
534, 0.0132457,0.00631992,-0.045147
535, 0.0132457,0.169701,-0.0316029
536, 0.0143143,0.137769,-0.045147
537, 0.0132457,0.163426,-0.0361176
538, 0.0143143,-0.0655016,-0.117382
539, 0.0143143,0.156364,0.0270882
540, 0.0153829,0.15248,0.0406323
541, 0.01752,0.224309,0.0496617
542, 0.0143143,0.30626,-0.270882
543, 0.0143143,0.0584539,-0.275397
544, 0.0143143,0.0807343,-0.343117
545, 0.0153829,0.144166,-0.365691
546, 0.0164514,0.381451,-0.162529
547, 0.0143143,0.523889,-0.37472
548, 0.0132457,0.431582,-0.406323
549, 0.0185886,0.439424,-0.424382
550, 0.01752,0.802925,-0.469529
551, 0.0196572,0.872862,-0.812646
552, 0.01752,1.08313,-0.82619
553, 0.0207257,0.988665,-0.812646
554, 0.0217943,1.34078,-0.997749
555, 0.0217943,1.65467,-1.36344
556, 0.0228629,1.72458,-1.36795
557, 0.0282057,1.84258,-1.34087
558, 0.0271371,2.21078,-1.79685
559, 0.0260686,2.24595,-1.79685
560, 0.0282057,2.03663,-1.79685
561, 0.03248,2.1167,-1.79685
562, 0.0303428,2.40731,-1.79685
563, 0.0303428,2.43345,-1.79685
564, 0.0282057,2.24963,-1.79685
565, 0.0314114,1.91411,-1.79685
566, 0.0346171,2.04658,-1.79685
567, 0.0335486,2.75822,-1.79685
568, 0.0292743,2.57938,-1.79685
569, 0.0303428,2.12766,-1.79685
570, 0.0292743,2.14292,-1.79685
571, 0.0292743,2.54223,-1.79685
572, 0.0292743,2.54094,-1.79685
573, 0.0303428,2.4755,-1.79685
574, 0.0228629,2.55565,-1.79685
575, 0.0271371,2.60793,-1.79685
576, 0.0292743,2.82032,-1.79685
577, 0.0271371,2.87148,-1.79685
578, 0.025,2.54663,-1.79685
579, 0.0207257,2.61584,-1.79685
580, 0.0228629,2.4303,-1.79685
581, 0.0185886,2.35216,-1.79685
582, 0.0207257,1.95586,-1.79685
583, 0.0185886,2.02858,-1.79685
584, 0.0185886,1.56518,-1.79685
585, 0.00469719,1.35431,-1.79685
586, 0.00256005,0.249262,-1.40407
587, 0.00149148,-0.0569595,-0.37472
588, 0.000422913,-0.351477,-0.261853
589, -0.0166742,-0.366777,-0.302485
590, -0.0156056,-1.43502,0.29797
591, -0.0198799,-0.775664,1.28669
592, -0.0209485,-1.21775,1.40859
593, -0.0337713,-1.079,1.37698
594, -0.0359084,-1.77838,1.11062
595, -0.0316342,-1.51595,1.64787
596, -0.0337713,-1.03317,1.70656
597, -0.0465941,-0.963815,1.69753
598, -0.0487313,-1.90585,0.943572
599, -0.0487313,-1.99046,1.70204
600, -0.0487313,-1.70927,1.67044
601, -0.0540741,-1.86702,1.85554
602, -0.0551427,-1.86135,1.86006
603, -0.0508684,-2.03691,1.82845
604, -0.0530055,-1.53773,1.79234
605, -0.0551427,-1.48823,1.85103
606, -0.0551427,-1.7519,1.44019
607, -0.0615541,-1.58193,1.56209
608, -0.0572798,-2.03646,1.80588
609, -0.0562112,-1.66437,1.72913
610, -0.0530055,-1.21385,1.61626
611, -0.051937,-1.21618,1.23703
612, -0.0551427,-1.25155,1.22348
613, -0.0508684,-1.4808,1.228
614, -0.051937,-1.12174,1.45373
615, -0.051937,-1.4301,1.11062
616, -0.0530055,-1.36839,1.08353
617, -0.0508684,-1.3578,1.07901
618, -0.0530055,-1.10615,1.36344
619, -0.0455256,-1.56024,1.10159
620, -0.051937,-1.02421,1.06998
621, -0.044457,-1.36614,1.05644
622, -0.0497998,-0.852548,1.31829
623, -0.0433884,-1.33886,0.857793
624, -0.0412513,-0.850064,0.817161
625, -0.036977,-0.708133,0.866822
626, -0.0359084,-0.522728,0.67269
627, -0.0359084,-0.711403,0.52822
628, -0.0327027,-0.722622,0.514676
629, -0.0316342,-0.570842,0.483073
630, -0.0284284,-0.507212,0.546279
631, -0.0284284,-0.442281,0.483073
632, -0.0273599,-0.49563,0.496617
633, -0.0241542,-0.47833,0.496617
634, -0.022017,-0.351419,0.455985
635, -0.022017,-0.363178,0.361176
636, -0.0198799,-0.431946,0.316029
637, -0.0177428,-0.383653,0.316029
638, -0.0230856,-0.35462,0.347632
639, -0.0177428,-0.800611,0.329573
640, -0.0166742,-0.528475,0.316029
641, -0.0123999,-0.486421,0.320544
642, -0.0134685,-0.234922,0.45147
643, -0.0145371,-0.403251,0.234764
644, -0.0166742,-0.536354,0.198647
645, -0.0113313,-0.739991,0.189617
646, -0.0145371,-0.407602,0.708808
647, -0.0156056,-0.710915,0.406323
648, -0.0145371,-0.773681,0.379235
649, -0.0156056,-0.694244,0.370205
650, -0.0102628,-0.719901,0.668176
651, -0.0134685,-0.447449,0.67269
652, -0.0123999,-0.641359,0.699778
653, -0.0123999,-0.617701,0.717837
654, -0.0102628,-0.92829,0.582396
655, -0.0166742,-0.709981,0.880366
656, -0.0123999,-1.07148,0.889396
657, -0.00812564,-0.680603,0.893911
658, -0.00919421,-0.403918,0.641087
659, -0.00812564,-0.546702,0.424382
660, -0.00919421,-0.562744,0.365691
661, -0.00705707,-0.607114,0.379235
662, -0.0059885,-0.574269,0.514676
663, -0.00705707,-0.50503,0.559823
664, -0.00812564,-0.624123,0.559823
665, -0.000645656,-0.672492,0.52822
666, -0.00385136,-0.15259,0.564338
667, -0.00278279,-0.451861,0.108353
668, -0.00491993,-0.341671,0.135441
669, -0.000645656,-0.521143,0.1535
670, 0.000422913,-0.226494,0.483073
671, 0.000422913,-0.341539,0.207676
672, 0.00149148,-0.381511,0.198647
673, 0.00469719,-0.334437,0.139956
674, 0.00576576,-0.0462269,0.307
675, 0.00683433,-0.0683095,0.0677205
676, 0.0079029,-0.0655226,0.0090294
677, 0.00149148,-0.0705029,0.0045147
678, 0.00469719,-0.622801,0.0316029
679, 0.0079029,-0.334318,0.555308
680, 0.00683433,-0.142997,0.577882
681, 0.00683433,-0.208352,0.582396
682, 0.00897147,-0.252525,0.198647
683, 0.00683433,-0.295856,0.207676
684, 0.0079029,-0.390753,0.248308
685, 0.0079029,-0.234075,0.225735
686, 0.01004,0.000969666,0.198647
687, 0.01004,0.0674721,-0.0225735
688, 0.0111086,0.0316568,-0.0270882
689, 0.0111086,0.0724165,-0.0496617
690, 0.01004,0.0383272,-0.090294
691, 0.0132457,0.0797849,-0.0677205
692, 0.01004,0.184185,-0.0767499
693, 0.0132457,0.0885008,-0.0722352
694, 0.0121772,0.3542,-0.108353
695, 0.0143143,0.580416,-0.338602
696, 0.0111086,0.789547,-0.379235
697, 0.01752,0.696884,-0.401808
698, 0.0185886,1.1328,-0.722352
699, 0.0185886,1.43842,-1.09256
700, 0.0196572,1.4649,-1.13319
701, 0.025,1.61656,-1.15576
702, 0.0260686,2.17898,-1.62078
703, 0.0260686,2.51162,-1.79685
704, 0.0260686,2.55403,-1.79685
705, 0.0292743,2.64864,-1.79685
706, 0.0335486,2.98868,-1.79685
707, 0.0314114,3.57372,-1.79685
708, 0.0303428,3.39111,-1.79685
709, 0.03996,3.32846,-1.79685
710, 0.0378228,4,-1.79685
711, 0.0367543,4,-1.79685
712, 0.0346171,3.93602,-1.79685
713, 0.0538514,3.74878,-1.79685
714, 0.0538514,4,-1.79685
715, 0.0538514,4,-1.79685
716, 0.0538514,4,-1.79685
717, 0.0613313,4,-1.79685
718, 0.0645371,4,-1.79685
719, 0.0623999,4,-1.79685
720, 0.0634685,4,-1.79685
721, 0.0688113,4,-1.79685
722, 0.072017,4,-1.79685
723, 0.0730856,4,-1.79685
724, 0.0730856,4,-1.79685
725, 0.079497,4,-1.79685
726, 0.0880456,4,-1.79685
727, 0.0837713,4,-1.79685
728, 0.0827027,4,-1.79685
729, 0.0912513,4,-1.79685
730, 0.0912513,4,-1.79685
731, 0.0901827,4,-1.79685
732, 0.0891141,4,-1.79685
733, 0.0816342,4,-1.79685
734, 0.0816342,4,-1.79685
735, 0.0784284,4,-1.79685
736, 0.0762913,4,-1.79685
737, 0.0559885,4,-1.79685
738, 0.0570571,3.47776,-1.79685
739, 0.0506457,3.32968,-1.79685
740, 0.0506457,2.23975,-1.79685
741, 0.0196572,1.65247,-1.79685
742, 0.00897147,-0.659028,-1.73364
743, 0.0079029,-0.905311,0.437926
744, 0.00683433,-0.989525,0.537249
745, -0.0305656,-0.743604,0.650117
746, -0.036977,-2.87101,0.492102
747, -0.0391141,-2.92614,2.61401
748, -0.0391141,-2.61541,2.70882
749, -0.0701026,-2.40992,3.06097
750, -0.0765141,-3.68968,2.53275
751, -0.0775826,-4,3.38603
752, -0.0818569,-3.64776,2.37473
753, -0.108571,-3.30421,3.96391
754, -0.105365,-4,3.25961
755, -0.105365,-4,4.02711
756, -0.107503,-4,3.02936
757, -0.120325,-3.66498,3.93682
758, -0.121394,-4,3.60725
759, -0.125668,-4,4.19867
760, -0.126737,-4,3.94585
761, -0.129943,-3.9261,3.81041
762, -0.129943,-3.97222,3.95939
763, -0.127805,-4,3.97294
764, -0.136354,-3.52824,4.00454
765, -0.122463,-3.51959,3.94585
766, -0.1246,-2.94209,3.64336
767, -0.121394,-3.17411,2.92553
768, -0.121394,-2.83506,2.72688
769, -0.111777,-2.78837,2.61853
770, -0.111777,-2.47231,2.87135
771, -0.10964,-2.48003,2.48308
772, -0.110708,-2.29856,2.46051
773, -0.105365,-2.36289,2.50566
774, -0.104297,-2.32799,2.16706
775, -0.103228,-2.52662,2.39731
776, -0.103228,-2.35354,2.28444
777, -0.091474,-2.24006,2.28895
778, -0.0882683,-1.63505,2.17609
779, -0.091474,-1.7376,1.15576
780, -0.0861312,-1.9725,1.64335
781, -0.0733083,-1.54279,1.36795
782, -0.0711712,-0.893026,1.42213
783, -0.0711712,-1.07213,0.920999
784, -0.0701026,-1.23982,0.875852
785, -0.0604855,-1.30608,0.871337
786, -0.0572798,-0.708384,1.26412
787, -0.0572798,-0.868687,0.735896
788, -0.0562112,-1.03003,0.690749
789, -0.0508684,-1.04148,0.668176
790, -0.0497998,-0.760011,1.04741
791, -0.0497998,-0.964652,0.799102
792, -0.0497998,-0.999605,0.722352
793, -0.0423198,-1.0475,0.74944
794, -0.0391141,-0.574908,0.984205
795, -0.0391141,-0.499736,0.559823
796, -0.036977,-0.571367,0.550793
797, -0.036977,-0.545239,0.541764
798, -0.0316342,-0.614712,0.537249
799, -0.0284284,-0.596291,0.568852
800, -0.0316342,-0.504491,0.573367
801, -0.0262913,-0.756223,0.59594
802, -0.0241542,-0.509978,0.708808
803, -0.0241542,-0.485806,0.496617
804, -0.0262913,-0.537156,0.478558
805, -0.0209485,-0.752875,0.465014
806, -0.0209485,-0.458459,0.704293
807, -0.022017,-0.539425,0.442441
808, -0.0209485,-0.650953,0.433411
809, -0.0166742,-0.655775,0.45147
810, -0.0166742,-0.379838,0.613999
811, -0.0166742,-0.47116,0.370205
812, -0.0177428,-0.52553,0.352147
813, -0.0134685,-0.659065,0.365691
814, -0.0145371,-0.460599,0.650117
815, -0.0134685,-0.663406,0.460499
816, -0.0145371,-0.568865,0.428897
817, -0.0102628,-0.64242,0.428897
818, -0.0123999,-0.378249,0.609484
819, -0.0134685,-0.822181,0.370205
820, -0.0177428,-0.904208,0.352147
821, -0.0113313,-1.08682,0.347632
822, -0.0113313,-0.575591,1.05193
823, -0.00919421,-0.660196,0.645602
824, -0.0156056,-0.531642,0.568852
825, -0.0102628,-0.930681,0.550793
826, -0.00491993,-0.528546,0.911969
827, -0.0059885,-0.293161,0.52822
828, -0.00705707,-0.367147,0.505646
829, -0.00385136,-0.497661,0.496617
830, -0.0113313,-0.401618,0.465014
831, -0.00491993,-0.848983,0.388264
832, -0.00491993,-0.301505,0.370205
833, 0.00256005,-0.138394,0.401808
834, 0.00469719,0.501151,0.0993234
835, 0.000422913,0.520303,-0.474044
836, 0.00256005,0.176893,-0.51919
837, 0.00469719,0.195412,-0.52822
838, 0.0079029,0.229666,-0.225735
839, 0.0079029,0.433616,-0.234764
840, 0.01004,0.361123,-0.234764
841, 0.01004,0.470259,-0.266367
842, 0.0132457,0.570557,-0.501132
843, 0.0121772,0.839075,-0.59594
844, 0.01004,0.770267,-0.600455
845, 0.0143143,0.636535,-0.591426
846, 0.0153829,0.955349,-0.735896
847, 0.0153829,1.20456,-0.952602
848, 0.0143143,1.30063,-0.966146
849, 0.0228629,1.31985,-0.997749
850, 0.0207257,1.93304,-1.34087
851, 0.0153829,1.94959,-1.79685
852, 0.0207257,1.80145,-1.79685
853, 0.025,2.34108,-1.79685
854, 0.0314114,2.91111,-1.79685
855, 0.0271371,3.52534,-1.79685
856, 0.0260686,3.12642,-1.79685
857, 0.0335486,2.97477,-1.79685
858, 0.0335486,3.34305,-1.79685
859, 0.0335486,3.50928,-1.79685
860, 0.0292743,3.25199,-1.79685
861, 0.0388914,2.83349,-1.79685
862, 0.0388914,4,-1.79685
863, 0.03996,4,-1.79685
864, 0.0378228,4,-1.79685
865, 0.0410285,3.74971,-1.79685
866, 0.0420971,4,-1.79685
867, 0.0378228,4,-1.79685
868, 0.0388914,4,-1.79685
869, 0.0378228,4,-1.79685
870, 0.0367543,4,-1.79685
871, 0.0356857,4,-1.79685
872, 0.0367543,3.84147,-1.79685
873, 0.0314114,3.20972,-1.79685
874, 0.0314114,2.68055,-1.79685
875, 0.0303428,2.87014,-1.79685
876, 0.0292743,2.80594,-1.79685
877, 0.0207257,2.17056,-1.79685
878, 0.0143143,0.8013,-1.79685
879, 0.0132457,0.41259,-0.889396
880, 0.0111086,0.265867,-0.880366
881, -0.0113313,0.0540312,-0.645602
882, -0.0156056,-1.31217,-0.108353
883, -0.0188113,-1.32227,1.11062
884, -0.0156056,-1.35761,1.24606
885, -0.036977,-0.875453,1.2912
886, -0.0423198,-2.08187,0.920999
887, -0.0412513,-2.4408,1.18285
888, -0.0455256,-2.07123,2.16706
889, -0.0562112,-1.95179,2.15351
890, -0.0626227,-2.42061,2.01807
891, -0.0626227,-2.75358,2.09031
892, -0.0658284,-2.41355,2.4876
893, -0.0743769,-2.4692,2.5192
894, -0.0743769,-2.41345,2.42439
895, -0.0765141,-2.81808,2.51017
896, -0.0765141,-2.4406,2.43794
897, -0.0797198,-2.09857,2.37925
898, -0.0786512,-2.07571,2.02259
899, -0.0807883,-2.55263,2.10385
900, -0.0807883,-2.49132,2.03161
901, -0.0786512,-2.26392,2.06322
902, -0.0786512,-1.95667,2.26186
903, -0.0786512,-1.9711,1.95938
904, -0.0754455,-1.86366,1.89617
905, -0.0765141,-1.61322,1.97744
906, -0.0743769,-1.95664,1.59369
907, -0.0765141,-2.03241,1.83748
908, -0.0743769,-2.08113,1.96841
909, -0.0786512,-1.88247,1.96841
910, -0.0658284,-2.04465,1.85554
911, -0.0701026,-1.48149,1.98647
912, -0.0679655,-1.71125,2.01356
913, -0.0647598,-1.51538,1.98195
914, -0.0658284,-1.32233,1.47179
915, -0.0583484,-1.66317,1.04741
916, -0.0583484,-1.18799,1.34087
917, -0.0551427,-1.11192,1.26863
918, -0.0551427,-0.898755,1.06095
919, -0.051937,-1.30212,0.875852
920, -0.051937,-1.18282,0.916484
921, -0.0487313,-1.16167,0.857793
922, -0.0465941,-0.929357,1.13319
923, -0.0476627,-1.00576,0.925513
924, -0.0455256,-1.06248,0.90294
925, -0.0380456,-0.927298,0.907455
926, -0.036977,-0.447368,0.884881
927, -0.0327027,-0.53986,0.45147
928, -0.036977,-0.359833,0.415352
929, -0.0305656,-0.725251,0.424382
930, -0.0327027,-0.379287,0.632058
931, -0.0305656,-0.685969,0.365691
932, -0.0348399,-0.557415,0.356661
933, -0.0262913,-0.893921,0.419867
934, -0.0230856,-0.357971,0.875852
935, -0.0241542,-0.293745,0.365691
936, -0.0230856,-0.405704,0.334088
937, -0.0188113,-0.454425,0.343117
938, -0.0188113,-0.293658,0.410838
939, -0.0156056,-0.422953,0.270882
940, -0.0156056,-0.288318,0.248308
941, -0.0134685,-0.422791,0.279911
942, -0.0156056,-0.334799,0.401808
943, -0.0123999,-0.643092,0.329573
944, -0.0156056,-0.494922,0.311514
945, -0.0145371,-0.741908,0.288941
946, -0.0156056,-0.654818,0.708808
947, -0.0134685,-0.751632,0.609484
948, -0.0123999,-0.551173,0.632058
949, -0.0123999,-0.481502,0.632058
950, -0.0134685,-0.488248,0.455985
951, -0.0123999,-0.927898,0.460499
952, -0.0113313,-0.857364,0.460499
953, -0.0102628,-0.724966,0.455985
954, -0.0102628,-0.537651,0.67269
955, -0.00919421,-0.506424,0.514676
956, -0.0059885,-0.410431,0.510161
957, -0.00491993,-0.32706,0.510161
958, -0.00385136,-0.292614,0.316029
959, -0.00491993,-0.360826,0.257338
960, -0.0059885,-0.500243,0.275397
961, -0.00491993,-0.570072,0.270882
962, -0.00278279,-0.483572,0.541764
963, 0.000422913,-0.393064,0.45147
964, -0.0059885,-0.13227,0.460499
965, -0.000645656,-0.584816,0.45147
966, -0.000645656,-0.0732781,0.541764
967, -0.000645656,-0.0842963,0.0812646
968, 0.000422913,-0.0148232,0.0406323
969, 0.00256005,0.0582998,0.0270882
970, -0.00171422,0.142926,-0.0948087
971, 0.0079029,-0.0893131,-0.180588
972, 0.00362862,0.60202,-0.185103
973, 0.00897147,0.376412,-0.108353
974, 0.01004,0.868964,-0.388264
975, 0.0143143,0.918354,-0.853278
976, 0.0079029,1.26302,-0.911969
977, 0.0143143,0.769476,-0.884881
978, 0.0185886,1.23912,-0.781043
979, 0.0185886,1.62917,-1.26412
980, 0.0164514,1.67718,-1.27766
981, 0.0207257,1.41615,-1.31829
982, 0.0228629,1.68923,-1.42665
983, 0.0228629,1.77282,-1.67947
984, 0.0239314,1.64925,-1.70656
985, 0.0228629,1.56185,-1.70656
986, 0.0260686,1.47535,-1.70204
987, 0.0239314,1.98001,-1.535
988, 0.0271371,1.74934,-1.49437
989, 0.0260686,1.86758,-1.48534
990, 0.0292743,1.68528,-1.79685
991, 0.0282057,2.01688,-1.72462
992, 0.0282057,1.87859,-1.71107
993, 0.0239314,1.90621,-1.70204
994, 0.0260686,1.9713,-1.79685
995, 0.0260686,2.45202,-1.79685
996, 0.0260686,2.38573,-1.79685
997, 0.0260686,2.38012,-1.79685
998, 0.0303428,2.46963,-1.79685
999, 0.0282057,3.24499,-1.79685
1000, 0.0271371,2.96901,-1.79685
1001, 0.0239314,2.73882,-1.79685
1002, 0.025,2.35379,-1.79685
1003, 0.025,3.01303,-1.79685
1004, 0.025,2.74891,-1.79685
1005, 0.0207257,2.5871,-1.79685
1006, 0.0196572,2.32432,-1.79685
1007, 0.0185886,2.2322,-1.79685
1008, 0.0185886,1.87989,-1.79685
1009, 0.0111086,1.89435,-1.79685
1010, 0.00897147,1.30955,-1.79685
1011, 0.00897147,1.25123,-1.37698
1012, 0.0121772,0.958392,-1.35892
1013, -0.0059885,0.916265,-1.39504
1014, -0.00491993,-0.814218,-0.961631
1015, -0.00812564,-0.453967,0.483073
1016, -0.0113313,-0.625438,0.75847
1017, -0.0262913,-0.707429,0.821675
1018, -0.0252227,-1.91174,0.541764
1019, -0.0252227,-1.54017,1.85103
1020, -0.0305656,-1.14229,1.89166
1021, -0.0391141,-1.23562,1.85554
1022, -0.0465941,-1.58806,1.16479
1023, -0.0433884,-2.07068,1.54854
1024, -0.0433884,-1.9516,1.57563
1025, -0.0508684,-1.5956,1.5666
1026, -0.051937,-1.7745,1.57112
1027, -0.0508684,-1.67077,1.71107
1028, -0.0530055,-1.38335,1.5982
1029, -0.0551427,-1.61741,1.72462
1030, -0.0540741,-1.45239,1.57112
1031, -0.0540741,-1.46955,1.43567
1032, -0.0540741,-1.47982,1.45825
1033, -0.0551427,-1.59761,1.4131
1034, -0.0551427,-1.35025,1.56209
1035, -0.0551427,-1.6464,1.33184
1036, -0.0551427,-1.56528,1.2912
1037, -0.0540741,-1.4745,1.32732
1038, -0.051937,-1.26373,1.48985
1039, -0.059417,-1.36997,1.28669
1040, -0.051937,-1.76101,1.22348
1041, -0.051937,-1.22828,1.23703
1042, -0.0551427,-1.11679,1.19188
1043, -0.0487313,-1.53444,1.08353
1044, -0.0508684,-1.12446,1.08353
1045, -0.044457,-1.15867,1.08353
1046, -0.044457,-0.648658,1.08804
1047, -0.0412513,-0.906098,0.650117
1048, -0.0433884,-0.751887,0.600455
1049, -0.0359084,-0.949483,0.60497
1050, -0.036977,-0.605393,0.966146
1051, -0.0380456,-0.912266,0.609484
1052, -0.036977,-0.993156,0.577882
1053, -0.0348399,-0.892417,0.564338
1054, -0.0348399,-0.710787,0.857793
1055, -0.0327027,-0.757347,0.677205
1056, -0.0327027,-0.649347,0.67269
1057, -0.0273599,-0.681984,0.690749
1058, -0.029497,-0.463859,0.641087
1059, -0.0284284,-0.655846,0.455985
1060, -0.0284284,-0.610771,0.433411
1061, -0.0262913,-0.646155,0.419867
1062, -0.0230856,-0.558393,0.613999
1063, -0.0230856,-0.451878,0.52822
1064, -0.029497,-0.435208,0.514676
1065, -0.0198799,-0.881986,0.510161
1066, -0.0177428,-0.311476,0.839734
1067, -0.0188113,-0.225914,0.329573
1068, -0.0188113,-0.367806,0.284426
1069, -0.0166742,-0.482156,0.279911
1070, -0.0166742,-0.44606,0.455985
1071, -0.0166742,-0.641132,0.424382
1072, -0.0145371,-0.677379,0.419867
1073, -0.0123999,-0.554276,0.424382
1074, -0.0102628,-0.319297,0.514676
1075, -0.0134685,-0.230673,0.29797
1076, -0.0123999,-0.377548,0.293455
1077, -0.00812564,-0.250918,0.293455
1078, -0.00919421,0.0320811,0.216706
1079, -0.00812564,-0.213086,-0.045147
1080, -0.00919421,-0.14773,-0.0767499
1081, -0.00705707,-0.248585,-0.0767499
1082, -0.00491993,-0.0701338,0.212191
1083, -0.00385136,0.0282576,0.0632058
1084, -0.00491993,0.0838468,0.0361176
1085, -0.00278279,0.0101341,0.0316029
1086, -0.00278279,0.155517,-0.0541764
1087, -0.00171422,0.184112,-0.139956
1088, -0.00385136,0.265434,-0.180588
1089, 0.000422913,0.1084,-0.180588
1090, 0.00469719,0.401324,-0.14447
1091, 0.00256005,0.616892,-0.406323
1092, 0.00256005,0.465468,-0.428897
1093, 0.00362862,0.428789,-0.433411
1094, 0.00683433,0.460487,-0.455985
1095, 0.00576576,0.771956,-0.474044
1096, 0.00576576,0.653524,-0.487588
1097, 0.00683433,0.596565,-0.487588
1098, 0.0079029,0.620654,-0.613999
1099, 0.0111086,0.742106,-0.636573
1100, 0.0079029,0.967948,-0.641087
1101, 0.0079029,0.876852,-0.645602
1102, 0.0132457,0.96688,-0.889396
1103, 0.0121772,1.46724,-0.970661
1104, 0.0111086,1.46057,-0.997749
1105, 0.0143143,1.41965,-0.997749
1106, 0.01752,1.73532,-1.45373
1107, 0.0207257,2.03028,-1.73816
1108, 0.01752,2.14279,-1.74719
1109, 0.0207257,1.82358,-1.75622
1110, 0.0239314,1.94041,-1.79685
1111, 0.0185886,2.57101,-1.79685
1112, 0.025,2.13981,-1.79685
1113, 0.0217943,2.42909,-1.79685
1114, 0.0260686,2.38215,-1.79685
1115, 0.0271371,2.89007,-1.79685
1116, 0.0271371,2.84711,-1.79685
1117, 0.0271371,2.79015,-1.79685
1118, 0.0260686,2.87056,-1.79685
1119, 0.0217943,3.13505,-1.79685
1120, 0.025,2.78058,-1.79685
1121, 0.0228629,3.00324,-1.79685
1122, 0.0228629,3.00747,-1.79685
1123, 0.025,3.36748,-1.79685
1124, 0.0228629,3.31582,-1.79685
1125, 0.0217943,3.27778,-1.79685
1126, 0.0207257,3.09073,-1.79685
1127, 0.0217943,3.1411,-1.79685
1128, 0.0185886,2.75801,-1.79685
1129, 0.0111086,2.17201,-1.79685
1130, 0.0121772,1.29654,-1.79685
1131, 0.0079029,1.85644,-1.57112
1132, 0.00362862,0.765065,-1.36795
1133, -0.0059885,0.234969,-1.34538
1134, -0.0102628,-0.133507,-0.225735
1135, -0.0123999,-0.529749,0.0361176
1136, -0.00919421,-0.661324,0.130926
1137, -0.0284284,0.116897,0.0632058
1138, -0.0316342,-1.2172,-0.207676
1139, -0.0327027,-1.73978,0.97969
1140, -0.0316342,-1.32971,1.16479
1141, -0.044457,-1.0178,1.21445
1142, -0.0487313,-2.0959,1.02032
1143, -0.0487313,-2.4733,1.78331
1144, -0.0508684,-2.16607,2.15803
1145, -0.0604855,-1.38009,2.03161
1146, -0.059417,-2.12063,1.21445
1147, -0.0583484,-2.31455,2.06773
1148, -0.0615541,-1.63372,2.07676
1149, -0.0647598,-1.55578,2.06322
1150, -0.0668969,-1.76671,1.5034
1151, -0.0679655,-2.19729,1.6885
1152, -0.0668969,-2.0525,1.82845
1153, -0.0701026,-1.98294,1.77879
1154, -0.0701026,-2.09618,1.93681
1155, -0.0711712,-2.16069,2.10385
1156, -0.0701026,-1.81181,2.10836
1157, -0.0668969,-1.47783,2.0271
1158, -0.0690341,-1.49671,1.48985
1159, -0.0636912,-1.90867,1.45825
1160, -0.0658284,-1.49127,1.46728
1161, -0.059417,-1.57597,1.45825
1162, -0.0604855,-1.04121,1.46728
1163, -0.0604855,-1.50384,1.03387
1164, -0.0604855,-1.54252,1.02484
1165, -0.059417,-1.49592,1.02032
1166, -0.0562112,-1.31927,1.43116
1167, -0.0530055,-1.36362,1.2912
1168, -0.0551427,-1.17759,1.34087
1169, -0.051937,-1.35027,1.26412
1170, -0.0508684,-1.14428,1.31829
1171, -0.0508684,-1.33718,1.1061
1172, -0.051937,-1.29921,1.11513
1173, -0.0465941,-1.36586,1.13319
1174, -0.044457,-0.833611,1.3499
1175, -0.0423198,-0.988345,0.853278
1176, -0.0433884,-0.88466,0.817161
1177, -0.0348399,-0.985832,0.808131
1178, -0.0359084,-0.422581,0.952602
1179, -0.0401827,-0.695954,0.424382
1180, -0.0359084,-1.01418,0.392779
1181, -0.0316342,-0.754208,0.392779
1182, -0.0305656,-0.499056,0.731381
1183, -0.0305656,-0.503447,0.483073
1184, -0.0348399,-0.584571,0.469529
1185, -0.0241542,-0.933001,0.492102
1186, -0.0262913,-0.372879,0.920999
1187, -0.0262913,-0.655828,0.370205
1188, -0.0273599,-0.705725,0.334088
1189, -0.0230856,-0.817253,0.347632
1190, -0.022017,-0.527508,0.785558
1191, -0.022017,-0.551863,0.514676
1192, -0.0241542,-0.579911,0.501132
1193, -0.0198799,-0.758521,0.510161
1194, -0.0166742,-0.492782,0.735896
1195, -0.0177428,-0.338255,0.478558
1196, -0.0177428,-0.472652,0.460499
1197, -0.0134685,-0.555071,0.455985
1198, -0.0145371,-0.357353,0.510161
1199, -0.0156056,-0.51301,0.343117
1200, -0.0156056,-0.637482,0.329573
1201, -0.0113313,-0.682201,0.325058
1202, -0.0123999,-0.441606,0.591426
1203, -0.0134685,-0.521201,0.474044
1204, -0.0123999,-0.880201,0.428897
1205, -0.0113313,-0.812688,0.415352
1206, -0.0102628,-0.711085,0.772014
1207, -0.0123999,-0.693268,0.699778
1208, -0.0123999,-0.774514,0.668176
1209, -0.0102628,-0.760274,0.663661
1210, -0.00919421,-0.619163,0.722352
1211, -0.00812564,-0.616449,0.609484
1212, -0.00491993,-0.511394,0.59594
1213, -0.0059885,-0.294614,0.573367
1214, -0.0059885,-0.307484,0.275397
1215, -0.0113313,-0.442892,0.275397
1216, -0.0113313,-0.787795,0.284426
1217, -0.0059885,-0.711849,0.284426
1218, 0.00362862,-0.308692,0.68172
1219, -0.000645656,0.161247,0.311514
1220, 0.000422913,-0.179574,0.270882
1221, 0.00256005,-0.209582,0.279911
1222, 0.00149148,-0.127631,0.203161
1223, 0.00256005,-0.136229,0.108353
1224, 0.00362862,-0.104962,0.0993234
1225, 0.00576576,-0.0301131,0.112867
1226, 0.00469719,0.0954205,-0.0135441
1227, 0.00897147,-0.0189265,-0.126412
1228, 0.00576576,0.266661,-0.126412
1229, 0.0079029,0.0875809,-0.135441
1230, 0.00683433,0.295375,-0.117382
1231, 0.0111086,0.319457,-0.29797
1232, 0.00683433,0.683695,-0.275397
1233, 0.0111086,0.51414,-0.338602
1234, 0.0143143,0.862729,-0.550793
1235, 0.0132457,1.17526,-0.848764
1236, 0.00897147,1.16255,-0.884881
1237, 0.0185886,0.917524,-0.884881
1238, 0.0217943,1.63,-0.97969
1239, 0.0196572,2.04989,-1.60272
1240, 0.0196572,1.84253,-1.65238
1241, 0.0260686,1.80699,-1.64787
1242, 0.0260686,2.21509,-1.79685
1243, 0.0260686,2.45225,-1.79685
1244, 0.0260686,2.41126,-1.79685
1245, 0.0335486,2.34421,-1.79685
1246, 0.0303428,2.70948,-1.79685
1247, 0.0335486,2.40592,-1.79685
1248, 0.0303428,2.51196,-1.79685
1249, 0.0314114,2.22743,-1.79685
1250, 0.03248,2.43306,-1.79685
1251, 0.0314114,3.31446,-1.79685
1252, 0.03248,3.13189,-1.79685
1253, 0.03248,3.06807,-1.79685
1254, 0.0356857,2.98981,-1.79685
1255, 0.0335486,3.71334,-1.79685
1256, 0.0346171,3.44777,-1.79685
1257, 0.03248,3.48378,-1.79685
1258, 0.0346171,3.67284,-1.79685
1259, 0.0314114,4,-1.79685
1260, 0.0367543,4,-1.79685
1261, 0.03248,4,-1.79685
1262, 0.0314114,3.75973,-1.79685
1263, 0.0314114,4,-1.79685
1264, 0.0303428,4,-1.79685
1265, 0.0292743,3.63194,-1.79685
1266, 0.0271371,2.95495,-1.79685
1267, 0.0271371,2.91427,-1.79685
1268, 0.025,2.35735,-1.79685
1269, 0.0153829,1.62527,-1.79685
1270, 0.0132457,1.09705,-1.58917
1271, 0.0111086,0.87621,-1.31829
1272, 0.01004,0.142073,-1.07901
1273, -0.0134685,-0.082942,-0.740411
1274, -0.0198799,-1.42181,0.0632058
1275, -0.0198799,-1.47248,1.20542
1276, -0.0198799,-1.24577,1.47631
1277, -0.0380456,-1.13561,1.39956
1278, -0.0433884,-2.0413,1.07901
1279, -0.0433884,-2.39262,2.08128
1280, -0.0465941,-1.98187,2.01356
1281, -0.0583484,-1.8228,2.04967
1282, -0.0615541,-2.36746,1.84651
1283, -0.0626227,-2.47306,2.02259
1284, -0.0647598,-2.50913,2.46954
1285, -0.0733083,-2.35371,2.50566
1286, -0.0743769,-2.27485,2.32056
1287, -0.0701026,-2.79058,1.71107
1288, -0.0743769,-2.29987,2.37925
1289, -0.0786512,-2.07613,2.29347
1290, -0.0754455,-2.04417,2.06322
1291, -0.0765141,-2.18041,1.98195
1292, -0.0765141,-2.05719,1.90972
1293, -0.0807883,-2.16988,1.97744
1294, -0.0786512,-2.10419,2.13094
1295, -0.0818569,-2.35882,2.04967
1296, -0.0786512,-2.37365,2.22123
1297, -0.0743769,-1.77386,2.06322
1298, -0.0733083,-1.7253,1.71107
1299, -0.0743769,-1.75777,1.73816
1300, -0.0775826,-1.93487,1.7201
1301, -0.0701026,-2.03703,1.67947
1302, -0.0658284,-1.26326,2.00453
1303, -0.0679655,-1.27688,1.26412
1304, -0.0668969,-1.44772,1.21445
1305, -0.0626227,-1.45917,1.21445
1306, -0.0604855,-1.41274,1.42213
1307, -0.0583484,-1.36468,1.3815
1308, -0.0572798,-1.3314,1.37698
1309, -0.0540741,-1.31288,1.3815
1310, -0.0508684,-1.10242,1.26412
1311, -0.0497998,-1.06345,1.15576
1312, -0.051937,-1.03273,1.08353
1313, -0.0508684,-1.21075,1.06095
1314, -0.0455256,-1.151,1.17834
1315, -0.0455256,-0.936719,1.12868
1316, -0.0455256,-0.930678,1.11965
1317, -0.0391141,-0.91989,1.10159
1318, -0.036977,-0.552782,0.875852
1319, -0.036977,-0.68571,0.541764
1320, -0.0359084,-0.757183,0.52822
1321, -0.0305656,-0.748786,0.51919
1322, -0.0316342,-0.445466,0.699778
1323, -0.0305656,-0.70519,0.446955
1324, -0.0284284,-0.707423,0.419867
1325, -0.0230856,-0.626766,0.410838
1326, -0.0262913,-0.330308,0.59594
1327, -0.0316342,-0.6328,0.316029
1328, -0.0262913,-1.0187,0.29797
1329, -0.022017,-0.718944,0.316029
1330, -0.022017,-0.443986,0.659146
1331, -0.0209485,-0.48439,0.446955
1332, -0.0198799,-0.491959,0.401808
1333, -0.0166742,-0.510316,0.392779
1334, -0.0166742,-0.400119,0.487588
1335, -0.0134685,-0.557419,0.370205
1336, -0.0113313,-0.436866,0.38375
1337, -0.0113313,-0.403949,0.370205
1338, -0.0145371,-0.454162,0.356661
1339, -0.0134685,-0.780072,0.419867
1340, -0.0102628,-0.717147,0.433411
1341, -0.0102628,-0.490168,0.437926
1342, -0.0145371,-0.345613,0.442441
1343, -0.0113313,-0.787624,0.325058
1344, -0.0123999,-0.486542,0.311514
1345, -0.0102628,-0.409226,0.325058
1346, -0.00919421,-0.203863,0.379235
1347, -0.00812564,-0.218682,0.180588
1348, -0.00812564,-0.141086,0.176073
1349, -0.00278279,-0.14297,0.180588
1350, -0.00491993,0.193302,0.0993234
1351, -0.00385136,0.00622103,-0.176073
1352, -0.00491993,0.0412559,-0.212191
1353, -0.000645656,-0.021669,-0.23025
1354, 0.00256005,0.283768,0
1355, 0.00149148,0.528122,-0.266367
1356, 0.00149148,0.452252,-0.325058
1357, 0.00576576,0.361793,-0.316029
1358, 0.00897147,0.586854,-0.379235
1359, 0.00576576,0.85031,-0.591426
1360, 0.00469719,0.597283,-0.609484
1361, 0.00897147,0.50431,-0.609484
1362, 0.00683433,0.767618,-0.523705
1363, 0.00897147,0.781535,-0.776528
1364, 0.00897147,0.957986,-0.776528
1365, 0.0132457,1.05206,-0.781043
1366, 0.0143143,1.41214,-1.09256
1367, 0.0132457,1.63075,-1.39504
1368, 0.0164514,1.59317,-1.44922
1369, 0.0185886,1.82376,-1.44019
1370, 0.0207257,2.07309,-1.79685
1371, 0.0207257,2.29626,-1.79685
1372, 0.0207257,2.30905,-1.67044
1373, 0.0260686,2.30646,-1.79685
1374, 0.0271371,2.75111,-1.79685
1375, 0.0260686,3.48582,-1.79685
1376, 0.0282057,3.3881,-1.79685
1377, 0.0303428,3.41023,-1.79685
1378, 0.0335486,3.51732,-1.79685
1379, 0.0303428,4,-1.79685
1380, 0.0292743,3.92796,-1.79685
1381, 0.0367543,3.72684,-1.79685
1382, 0.0367543,4,-1.79685
1383, 0.0346171,4,-1.79685
1384, 0.0346171,4,-1.79685
1385, 0.0314114,3.995,-1.79685
1386, 0.0335486,3.79765,-1.79685
1387, 0.0335486,4,-1.79685
1388, 0.0314114,3.77525,-1.79685
1389, 0.03248,2.884,-1.79685
1390, 0.0282057,2.71849,-1.79685
1391, 0.0282057,2.41729,-1.79685
1392, 0.0303428,2.2249,-1.79685
1393, 0.0143143,1.97171,-1.79685
1394, 0.0121772,0.241192,-1.79685
1395, 0.00683433,0.243359,-0.415352
1396, 0.00469719,-0.400135,-0.257338
1397, -0.0156056,-0.522217,-0.225735
1398, -0.0241542,-1.48657,0.546279
1399, -0.0230856,-1.89244,1.39053
1400, -0.0241542,-1.53683,1.55757
1401, -0.0380456,-1.27138,1.47631
1402, -0.0433884,-1.94679,1.25509
1403, -0.0465941,-2.00592,1.87812
1404, -0.044457,-2.38068,1.91875
1405, -0.059417,-1.88604,1.96389
1406, -0.0626227,-2.20548,1.83748
1407, -0.059417,-2.36164,2.2122
1408, -0.0636912,-2.23996,2.22123
1409, -0.0733083,-2.17387,2.30701
1410, -0.0743769,-2.29221,2.07225
1411, -0.0722398,-2.7555,2.35216
1412, -0.0701026,-2.30822,2.27541
1413, -0.0765141,-1.89745,2.27541
1414, -0.0733083,-2.41172,1.92778
1415, -0.0733083,-2.34819,2.38376
1416, -0.0743769,-2.09246,2.36119
1417, -0.0743769,-1.96823,2.40182
1418, -0.0743769,-1.83748,1.91875
1419, -0.0722398,-2.07898,1.80588
1420, -0.0786512,-1.78661,0.925513
1421, -0.0701026,-2.04094,1.82394
1422, -0.0668969,-1.46207,2.04967
1423, -0.0690341,-1.3477,1.47631
1424, -0.0679655,-1.44707,1.39956
1425, -0.0647598,-1.4076,1.40859
1426, -0.0626227,-1.37177,1.39053
1427, -0.0604855,-1.50179,1.34538
1428, -0.0583484,-1.34649,1.31829
1429, -0.0551427,-1.20024,1.32732
1430, -0.051937,-0.988637,1.16479
1431, -0.051937,-1.14517,0.961631
1432, -0.0551427,-1.16734,0.952602
1433, -0.051937,-1.3969,0.961631
1434, -0.0476627,-1.15741,1.35441
1435, -0.0487313,-1.00088,1.1377
1436, -0.0476627,-1.05458,1.12868
1437, -0.0412513,-1.01237,1.17382
1438, -0.0412513,-0.762503,0.984205
1439, -0.0412513,-0.814126,0.726867
1440, -0.0412513,-0.846921,0.744926
1441, -0.036977,-0.894387,0.740411
1442, -0.0359084,-0.736441,0.853278
1443, -0.0359084,-0.77272,0.708808
1444, -0.0391141,-0.82046,0.695264
1445, -0.0273599,-1.03233,0.713323
1446, -0.029497,-0.342994,1.01581
1447, -0.0262913,-0.508226,0.361176
1448, -0.029497,-0.360056,0.316029
1449, -0.0262913,-0.66918,0.311514
1450, -0.0241542,-0.518694,0.632058
1451, -0.0262913,-0.56811,0.505646
1452, -0.0241542,-0.732479,0.492102
1453, -0.0198799,-0.62307,0.487588
1454, -0.0188113,-0.404639,0.600455
1455, -0.0198799,-0.484228,0.37472
1456, -0.0177428,-0.619215,0.379235
1457, -0.0156056,-0.551935,0.38375
1458, -0.0166742,-0.438052,0.523705
1459, -0.0166742,-0.675926,0.433411
1460, -0.0166742,-0.71492,0.397294
1461, -0.0145371,-0.756619,0.415352
1462, -0.0123999,-0.623318,0.731381
1463, -0.0134685,-0.513866,0.613999
1464, -0.0188113,-0.64379,0.59594
1465, -0.0134685,-0.974021,0.586911
1466, -0.0113313,-0.535207,0.975175
1467, -0.0113313,-0.676363,0.568852
1468, -0.0123999,-0.595944,0.496617
1469, -0.0166742,-0.553149,0.492102
1470, -0.0102628,-0.680804,0.51919
1471, -0.0102628,-0.187538,0.627543
1472, -0.00812564,-0.0872694,0.67269
1473, -0.00385136,-0.0153154,0.659146
1474, -0.00278279,0.30954,0
1475, -0.00385136,0.337239,-0.288941
1476, -0.00491993,0.260822,-0.347632
1477, 0.000422913,0.187268,-0.343117
1478, 0.00362862,0.576616,-0.234764
1479, 0.00576576,0.864236,-0.577882
1480, 0.00256005,0.961175,-0.609484
1481, 0.00683433,0.752435,-0.600455
1482, 0.0111086,1.01758,-0.772014
1483, 0.01004,1.41716,-1.01129
1484, 0.0111086,1.42128,-1.05193
1485, 0.01752,1.50907,-1.05193
1486, 0.0185886,1.94765,-1.53048
1487, 0.0196572,2.07522,-1.79685
1488, 0.0196572,2.0944,-1.79685
1489, 0.025,2.0888,-1.79685
1490, 0.0260686,2.49352,-1.79685
1491, 0.025,2.8495,-1.79685
1492, 0.0228629,2.81564,-1.79685
1493, 0.0303428,2.66179,-1.79685
1494, 0.0303428,3.2756,-1.79685
1495, 0.0303428,4,-1.79685
1496, 0.0292743,4,-1.79685
1497, 0.0367543,4,-1.79685
1498, 0.0356857,4,-1.79685
1499, 0.0388914,4,-1.79685
1500, 0.0367543,4,-1.79685
1501, 0.0410285,4,-1.79685
1502, 0.0485085,4,-1.79685
1503, 0.0485085,4,-1.79685
1504, 0.0463714,4,-1.79685
1505, 0.0517142,4,-1.79685
1506, 0.0506457,4,-1.79685
1507, 0.0538514,4,-1.79685
1508, 0.0506457,4,-1.79685
1509, 0.0463714,4,-1.79685
1510, 0.0420971,4,-1.79685
1511, 0.03996,4,-1.79685
1512, 0.0388914,2.68757,-1.79685
1513, 0.0282057,1.90461,-1.79685
1514, 0.0260686,1.34822,-1.79685
1515, 0.0239314,0.988562,-1.39504
1516, 0.0228629,0.597219,-1.51694
1517, 0.000422913,0.454968,-1.46728
1518, -0.0102628,-1.11639,-0.469529
1519, -0.0102628,-1.52525,0.930028
1520, -0.0113313,-1.23618,0.884881
1521, -0.0359084,-0.967117,1.09707
1522, -0.0423198,-2.3605,0.988719
1523, -0.0423198,-2.57174,2.25735
1524, -0.0433884,-2.32754,2.38828
1525, -0.0583484,-1.96613,1.63432
1526, -0.0701026,-2.65253,2.00001
1527, -0.0668969,-3.52138,2.52372
1528, -0.0647598,-2.87023,2.72688
1529, -0.0786512,-2.24889,2.72236
1530, -0.0786512,-2.81136,2.35216
1531, -0.083994,-3.0303,2.67722
1532, -0.0786512,-3.00194,2.98422
1533, -0.0893369,-2.02591,2.74945
1534, -0.0904055,-2.36694,1.70204
1535, -0.0893369,-3.11873,2.35216
1536, -0.0893369,-2.39417,2.39279
1537, -0.0893369,-2.13381,2.34764
1538, -0.091474,-2.02342,2.11739
1539, -0.0861312,-2.62405,2.00001
1540, -0.0893369,-2.12596,1.96841
1541, -0.0818569,-2.18826,1.98195
1542, -0.0807883,-1.5786,2.11739
1543, -0.0818569,-1.82854,1.45825
1544, -0.0829255,-2.07339,1.58466
1545, -0.0775826,-2.17981,1.53048
1546, -0.0733083,-1.72703,2.12191
1547, -0.0754455,-1.70068,1.7201
1548, -0.0807883,-1.83296,1.66592
1549, -0.0701026,-2.1133,1.54403
1550, -0.0690341,-1.44557,2.09031
1551, -0.0679655,-1.46827,1.45373
1552, -0.0722398,-1.43637,1.21445
1553, -0.0583484,-1.84626,1.39956
1554, -0.0551427,-0.94772,1.81491
1555, -0.0572798,-0.827944,0.952602
1556, -0.0572798,-1.02279,0.930028
1557, -0.0497998,-1.11098,0.907455
1558, -0.0508684,-0.882333,1.08353
1559, -0.051937,-1.14574,0.880366
1560, -0.0508684,-1.21384,0.839734
1561, -0.0433884,-1.08937,0.839734
1562, -0.0433884,-0.604966,1.0745
1563, -0.0423198,-0.730997,0.618514
1564, -0.0412513,-0.741428,0.577882
1565, -0.0359084,-0.71032,0.559823
1566, -0.0327027,-0.440932,0.686234
1567, -0.0337713,-0.467121,0.424382
1568, -0.0316342,-0.621368,0.410838
1569, -0.0241542,-0.535102,0.424382
1570, -0.0273599,-0.10307,0.501132
1571, -0.0273599,-0.466205,0.0948087
1572, -0.0273599,-0.542855,0.0722352
1573, -0.0241542,-0.588595,0.0857793
1574, -0.022017,-0.393664,0.564338
1575, -0.0230856,-0.395657,0.38375
1576, -0.022017,-0.504322,0.352147
1577, -0.0177428,-0.505145,0.347632
1578, -0.0166742,-0.347989,0.469529
1579, -0.0156056,-0.400551,0.334088
1580, -0.0177428,-0.423654,0.325058
1581, -0.0145371,-0.616935,0.320544
1582, -0.0134685,-0.446327,0.59594
1583, -0.0145371,-0.485195,0.428897
1584, -0.0123999,-0.556866,0.428897
1585, -0.0123999,-0.433216,0.424382
1586, -0.0123999,-0.480093,0.401808
1587, -0.0113313,-0.563921,0.446955
1588, -0.00919421,-0.495386,0.442441
1589, -0.0113313,-0.272763,0.45147
1590, -0.0102628,-0.343495,0.248308
1591, -0.00812564,-0.42727,0.316029
1592, -0.0102628,-0.229243,0.316029
1593, -0.00812564,-0.335632,0.316029
1594, -0.00385136,-0.13431,0.316029
1595, -0.0113313,0.0558415,0.126412
1596, -0.0059885,-0.42193,0.108353
1597, -0.00171422,-0.0675345,0.108353
1598, -0.00385136,0.248806,0.0225735
1599, 0.000422913,0.0649461,-0.23025
1600, -0.000645656,0.306089,-0.266367
1601, 0.00256005,0.269212,-0.288941
1602, 0.00362862,0.48756,-0.288941
1603, 0.00362862,0.590299,-0.501132
1604, 0.00362862,0.643807,-0.505646
1605, 0.00683433,0.723636,-0.51919
1606, 0.0079029,1.06081,-0.744926
1607, 0.0111086,1.38137,-1.05644
1608, 0.0079029,1.6639,-1.08804
1609, 0.0132457,1.56018,-1.08804
1610, 0.0185886,1.96506,-1.57112
1611, 0.0164514,2.48593,-1.79685
1612, 0.0164514,2.33451,-1.79685
1613, 0.0260686,2.25354,-1.79685
1614, 0.0282057,2.88415,-1.79685
1615, 0.025,3.07816,-1.79685
1616, 0.0260686,2.77767,-1.79685
1617, 0.0282057,2.62943,-1.79685
1618, 0.0303428,2.69196,-1.79685
1619, 0.0282057,3.6204,-1.79685
1620, 0.0260686,3.29841,-1.79685
1621, 0.0314114,2.91052,-1.79685
1622, 0.03248,3.33735,-1.79685
1623, 0.0292743,3.78021,-1.79685
1624, 0.0346171,3.38898,-1.79685
1625, 0.0303428,3.58874,-1.79685
1626, 0.03248,3.50014,-1.79685
1627, 0.0335486,4,-1.79685
1628, 0.0303428,3.888,-1.79685
1629, 0.0292743,3.24976,-1.79685
1630, 0.0292743,3.07506,-1.79685
1631, 0.0271371,3.25466,-1.79685
1632, 0.0271371,2.82276,-1.79685
1633, 0.0260686,2.98823,-1.79685
1634, 0.0164514,2.46297,-1.79685
1635, 0.0207257,2.26037,-1.79685
1636, 0.0196572,1.79931,-1.79685
1637, 0.00469719,1.33054,-1.79685
1638, 0.00149148,0.672032,-1.36344
1639, -0.00171422,0.251263,-0.690749
1640, 0.000422913,0.0448684,-0.505646
1641, -0.0198799,0.0918672,-0.726867
1642, -0.0241542,-1.20117,-0.112867
1643, -0.0252227,-1.42548,1.09256
1644, -0.0262913,-1.33334,1.1964
1645, -0.0433884,-1.6167,1.21445
1646, -0.051937,-1.98746,1.61175
1647, -0.051937,-3.10495,2.07676
1648, -0.0487313,-2.06289,1.99098
1649, -0.0626227,-1.48769,1.98195
1650, -0.0626227,-2.54448,1.47631
1651, -0.0658284,-2.75083,2.53726
1652, -0.0668969,-2.18445,2.60047
1653, -0.0711712,-1.93653,2.31153
1654, -0.0754455,-2.38693,1.18285
1655, -0.0722398,-2.87423,2.39731
1656, -0.0743769,-1.92121,2.39731
1657, -0.0743769,-1.83557,2.36119
1658, -0.0775826,-1.92009,1.9052
1659, -0.0765141,-2.29491,1.92778
1660, -0.0786512,-2.05005,1.86909
1661, -0.0775826,-2.00831,1.9052
1662, -0.0775826,-2.15727,1.98647
1663, -0.0754455,-2.38874,2.09031
1664, -0.0743769,-2.07204,2.10385
1665, -0.0722398,-1.83581,2.14448
1666, -0.0733083,-1.58616,1.84651
1667, -0.0701026,-2.07892,1.58466
1668, -0.0711712,-1.80761,1.55757
1669, -0.0690341,-1.74049,1.55757
1670, -0.0647598,-1.40403,1.67495
1671, -0.0668969,-1.45045,1.40859
1672, -0.0658284,-1.55684,1.34538
1673, -0.0604855,-1.47826,1.35892
1674, -0.0562112,-1.29646,1.47179
1675, -0.0572798,-1.1533,1.26412
1676, -0.0562112,-1.25016,1.26863
1677, -0.0562112,-1.19127,1.2596
1678, -0.0508684,-1.16436,1.15125
1679, -0.0497998,-0.962159,1.12416
1680, -0.0476627,-0.871344,1.13319
1681, -0.0465941,-0.783467,1.1377
1682, -0.0391141,-0.890313,0.744926
1683, -0.0391141,-0.546382,0.853278
1684, -0.0412513,-0.605499,0.853278
1685, -0.0359084,-0.816903,0.862308
1686, -0.0337713,-0.569953,0.803617
1687, -0.0348399,-0.678285,0.550793
1688, -0.0316342,-0.762469,0.550793
1689, -0.0284284,-0.562676,0.546279
1690, -0.0252227,-0.365156,0.52822
1691, -0.0273599,-0.220869,0.356661
1692, -0.0262913,-0.47856,0.329573
1693, -0.0209485,-0.501664,0.320544
1694, -0.022017,-0.243495,0.465014
1695, -0.0188113,-0.439397,0.239279
1696, -0.0252227,-0.348345,0.207676
1697, -0.0166742,-0.865028,0.212191
1698, -0.0166742,-0.414086,0.821675
1699, -0.0188113,-0.550242,0.419867
1700, -0.0177428,-0.707549,0.379235
1701, -0.0145371,-0.656864,0.379235
1702, -0.0145371,-0.365865,0.636573
1703, -0.0166742,-0.356371,0.37472
1704, -0.0188113,-0.467665,0.329573
1705, -0.0134685,-0.606576,0.325058
1706, -0.0102628,-0.307802,0.568852
1707, -0.0123999,-0.342536,0.302485
1708, -0.0123999,-0.46548,0.275397
1709, -0.00705707,-0.474973,0.279911
1710, -0.00919421,-0.107632,0.433411
1711, -0.00705707,-0.23085,0.0993234
1712, -0.00812564,-0.078563,0.090294
1713, -0.00491993,-0.126658,0.0722352
1714, -0.00171422,0.137746,0.103838
1715, -0.00385136,0.399719,-0.126412
1716, -0.00385136,0.34107,-0.148985
1717, 0.000422913,0.470796,-0.185103
1718, 0.00362862,0.852064,-0.505646
1719, 0.00362862,1.20018,-0.853278
1720, 0.00683433,1.33826,-0.862308
1721, 0.0111086,1.60941,-0.857793
1722, 0.0121772,1.98456,-1.62078
1723, 0.0143143,2.1244,-1.79685
1724, 0.0164514,2.26418,-1.79685
1725, 0.0228629,2.39273,-1.79685
1726, 0.0228629,2.77102,-1.79685
1727, 0.0260686,2.89489,-1.79685
1728, 0.0260686,2.96684,-1.79685
1729, 0.0303428,2.85767,-1.79685
1730, 0.0292743,3.09409,-1.79685
1731, 0.0314114,3.68658,-1.79685
1732, 0.0292743,3.56286,-1.79685
1733, 0.0335486,3.14864,-1.79685
1734, 0.0303428,3.26413,-1.79685
1735, 0.0335486,3.41084,-1.79685
1736, 0.0314114,3.41273,-1.79685
1737, 0.0346171,3.05461,-1.79685
1738, 0.03248,3.3789,-1.79685
1739, 0.0303428,3.61039,-1.79685
1740, 0.0303428,3.19331,-1.79685
1741, 0.0282057,2.68155,-1.79685
1742, 0.0271371,2.76037,-1.79685
1743, 0.0292743,2.87606,-1.79685
1744, 0.0271371,2.72284,-1.79685
1745, 0.01752,1.95798,-1.79685
1746, 0.0143143,1.09698,-1.79685
1747, 0.01752,1.39153,-1.2596
1748, 0.01752,0.778509,-1.14673
1749, -0.000645656,0.532117,-1.16028
1750, -0.00491993,-0.359205,-0.568852
1751, -0.00385136,-0.32487,0.171559
1752, -0.00812564,-0.243117,0.37472
1753, -0.0230856,-0.959239,0.266367
1754, -0.0305656,-1.66059,1.00678
1755, -0.0273599,-1.56774,1.54854
1756, -0.0305656,-1.06228,1.49888
1757, -0.0412513,-1.5209,1.64335
1758, -0.0487313,-2.05321,1.55757
1759, -0.0433884,-2.37383,1.9955
1760, -0.0497998,-1.74397,1.28669
1761, -0.0530055,-1.83161,2.15351
1762, -0.0572798,-1.62003,1.81942
1763, -0.0572798,-2.23848,1.53951
1764, -0.0583484,-2.00099,1.68398
1765, -0.0636912,-1.97948,1.68398
1766, -0.0658284,-2.12078,1.95487
1767, -0.0658284,-2.05673,2.07676
1768, -0.0636912,-1.80645,2.04967
1769, -0.0668969,-1.60073,2.08128
1770, -0.0668969,-1.65412,1.56209
1771, -0.0658284,-1.90053,1.62078
1772, -0.0658284,-1.72973,1.60723
1773, -0.0679655,-1.70375,1.64787
1774, -0.0636912,-1.74785,1.7201
1775, -0.0647598,-1.78469,1.72462
1776, -0.0626227,-1.73181,1.70656
1777, -0.0583484,-1.47035,1.71107
1778, -0.0562112,-1.03264,1.4447
1779, -0.059417,-1.18176,1.03387
1780, -0.0562112,-1.41839,1.00678
1781, -0.0508684,-1.2275,1.01581
1782, -0.0540741,-1.00993,1.18737
1783, -0.0530055,-1.34701,1.02484
1784, -0.0540741,-1.28726,0.961631
1785, -0.0497998,-1.32414,0.988719
1786, -0.0476627,-1.1831,1.28669
1787, -0.044457,-1.11114,1.15125
1788, -0.0476627,-0.90456,1.13319
1789, -0.0412513,-1.09804,1.15576
1790, -0.0359084,-0.701156,1.07901
1791, -0.0391141,-0.654803,0.695264
1792, -0.0380456,-0.930973,0.668176
1793, -0.0348399,-0.903158,0.663661
1794, -0.0316342,-0.683358,0.857793
1795, -0.0348399,-0.506119,0.677205
1796, -0.0327027,-0.741454,0.659146
1797, -0.029497,-0.658913,0.654632
1798, -0.0284284,-0.483284,0.641087
1799, -0.029497,-0.663013,0.469529
1800, -0.0284284,-0.795684,0.442441
1801, -0.0230856,-0.769869,0.460499
1802, -0.0198799,-0.459056,0.735896
1803, -0.0241542,-0.396556,0.45147
1804, -0.0230856,-0.759384,0.419867
1805, -0.0209485,-0.778604,0.424382
1806, -0.0230856,-0.646598,0.74944
1807, -0.0188113,-0.796138,0.618514
1808, -0.0198799,-0.506235,0.627543
1809, -0.0166742,-0.581515,0.609484
1810, -0.0156056,-0.451037,0.568852
1811, -0.0230856,-0.525721,0.446955
1812, -0.0166742,-0.969404,0.433411
1813, -0.0102628,-0.448679,0.428897
1814, -0.0145371,0.0763615,0.424382
1815, -0.0156056,-0.161717,-0.0767499
1816, -0.0156056,-0.141045,-0.135441
1817, -0.0059885,-0.00943409,-0.117382
1818, -0.00491993,0.794797,-0.0270882
1819, -0.00705707,0.694783,-0.726867
1820, -0.00491993,0.580785,-0.82619
1821, -0.000645656,0.702276,-0.830705
1822, 0.00256005,1.08021,-0.731381
1823, -0.00171422,1.30939,-1.0745
1824, 0.00576576,1.10865,-1.10159
1825, 0.01004,1.64424,-1.10159
1826, 0.0111086,2.01597,-1.66592
1827, 0.0132457,2.28056,-1.79685
1828, 0.0143143,2.35274,-1.79685
1829, 0.0207257,2.36961,-1.79685
1830, 0.0239314,2.77151,-1.79685
1831, 0.0217943,3.00833,-1.79685
1832, 0.0228629,2.77723,-1.79685
1833, 0.0282057,2.70219,-1.79685
1834, 0.03248,2.99833,-1.79685
1835, 0.0314114,4,-1.79685
1836, 0.0303428,3.93594,-1.79685
1837, 0.0303428,3.5668,-1.79685
1838, 0.0335486,3.34728,-1.79685
1839, 0.0282057,4,-1.79685
1840, 0.0314114,3.70181,-1.79685
1841, 0.0346171,3.7093,-1.79685
1842, 0.03248,3.61634,-1.79685
1843, 0.0303428,4,-1.79685
1844, 0.0292743,3.73675,-1.79685
1845, 0.0260686,3.22162,-1.79685
1846, 0.0303428,2.95681,-1.79685
1847, 0.0282057,3.51881,-1.79685
1848, 0.0292743,3.59073,-1.79685
1849, 0.0228629,3.34022,-1.79685
1850, 0.0185886,2.32052,-1.79685
1851, 0.0196572,2.20198,-1.79685
1852, 0.01752,2.29453,-1.79685
1853, 0.00683433,1.76813,-1.79685
1854, 0.00149148,0.32916,-1.77428
1855, 0.000422913,0.138668,-0.505646
1856, -0.000645656,-0.10388,-0.352147
1857, -0.0198799,-0.189244,-0.365691
1858, -0.0241542,-1.32501,0.207676
1859, -0.0262913,-1.49005,1.16479
1860, -0.0252227,-1.40215,1.3815
1861, -0.0433884,-1.13335,1.31829
1862, -0.0508684,-2.05587,1.08804
1863, -0.0508684,-2.60647,2.00904
1864, -0.051937,-2.25079,2.06322
1865, -0.0701026,-1.93814,2.03613
1866, -0.0647598,-2.92224,2.0271
1867, -0.0679655,-2.55971,2.55983
1868, -0.0668969,-2.40296,3.04742
1869, -0.0775826,-2.26301,2.50566
1870, -0.0743769,-2.79464,2.27089
1871, -0.0765141,-2.55521,2.65013
1872, -0.0797198,-2.35954,2.97067
1873, -0.0818569,-2.15611,2.83975
1874, -0.0797198,-1.94704,2.16254
1875, -0.0807883,-2.05951,1.93229
1876, -0.0818569,-2.02331,1.80588
1877, -0.0807883,-2.13486,1.8736
1878, -0.0786512,-1.98948,2.11739
1879, -0.0786512,-2.27922,1.96841
1880, -0.0786512,-2.13811,1.92326
1881, -0.0754455,-1.98924,1.95938
1882, -0.0722398,-1.7337,1.95938
1883, -0.0733083,-1.50279,1.69753
1884, -0.0733083,-1.57419,1.70656
1885, -0.0690341,-1.84324,1.76073
1886, -0.0690341,-1.55922,1.80588
1887, -0.0690341,-1.5957,1.55306
1888, -0.0668969,-1.56619,1.53048
1889, -0.0604855,-1.40485,1.52597
1890, -0.0562112,-1.18973,1.36344
1891, -0.0572798,-1.06733,1.18737
1892, -0.0583484,-1.2648,1.11513
1893, -0.0551427,-1.4647,1.15576
1894, -0.0530055,-1.23886,1.46276
1895, -0.0530055,-1.18428,1.24154
1896, -0.0508684,-1.20613,1.1964
1897, -0.0455256,-0.997471,1.17834
1898, -0.0455256,-0.669397,0.984205
1899, -0.0465941,-0.898631,0.659146
1900, -0.0455256,-1.02483,0.645602
1901, -0.0380456,-0.948254,0.654632
1902, -0.0391141,-0.451496,0.911969
1903, -0.0380456,-0.686033,0.483073
1904, -0.0380456,-0.686267,0.424382
1905, -0.029497,-0.745657,0.424382
1906, -0.0316342,-0.291493,0.704293
1907, -0.0305656,-0.521725,0.29797
1908, -0.0284284,-0.503836,0.243794
1909, -0.0262913,-0.457268,0.248308
1910, -0.0241542,-0.398303,0.433411
1911, -0.0241542,-0.422575,0.347632
1912, -0.022017,-0.540924,0.379235
1913, -0.0198799,-0.460268,0.38375
1914, -0.0166742,-0.332145,0.428897
1915, -0.0198799,-0.170872,0.334088
1916, -0.0209485,-0.424877,0.29797
1917, -0.0209485,-0.471131,0.288941
1918, -0.0145371,-0.404952,0.437926
1919, -0.0145371,-0.0219511,0.38375
1920, -0.0123999,0.0125697,0.365691
1921, -0.0102628,0.129631,0.361176
1922, -0.0102628,0.217465,-0.148985
1923, -0.0102628,0.157097,-0.234764
1924, -0.0102628,0.11885,-0.248308
1925, -0.00491993,0.193502,-0.243794
1926, -0.00705707,0.613919,-0.225735
1927, -0.00491993,0.628899,-0.60497
1928, -0.00491993,0.8944,-0.636573
1929, 0.00576576,1.08109,-0.654632
1930, 0.00362862,1.91517,-1.11062
1931, 0.00469719,1.90011,-1.79685
1932, 0.00683433,2.06067,-1.79685
1933, 0.0111086,2.18377,-1.79685
1934, 0.0185886,2.50113,-1.79685
1935, 0.0164514,2.89562,-1.79685
1936, 0.01752,2.70552,-1.79685
1937, 0.0239314,2.67277,-1.79685
1938, 0.0271371,3.05827,-1.79685
1939, 0.0260686,3.2954,-1.69753
1940, 0.0292743,3.10405,-1.79685
1941, 0.0303428,3.86327,-1.79685
1942, 0.0303428,3.7386,-1.79685
1943, 0.0314114,4,-1.79685
1944, 0.0346171,3.93859,-1.79685
1945, 0.03248,4,-1.79685
1946, 0.0335486,3.89142,-1.79685
1947, 0.03248,4,-1.79685
1948, 0.0378228,3.99892,-1.79685
1949, 0.03248,4,-1.79685
1950, 0.03248,3.7343,-1.79685
1951, 0.03248,3.85866,-1.79685
1952, 0.0367543,3.43006,-1.79685
1953, 0.0271371,3.76516,-1.79685
1954, 0.0260686,2.55767,-1.79685
1955, 0.0260686,2.46388,-1.79685
1956, 0.0271371,1.83878,-1.79685
1957, 0.0143143,1.44932,-1.79685
1958, 0.0079029,0.780267,-1.2596
1959, 0.0079029,0.100789,-0.952602
1960, 0.00362862,-0.189647,-0.650117
1961, -0.0177428,-0.48155,-0.82619
1962, -0.0241542,-1.44701,0.397294
1963, -0.0230856,-1.66568,1.35892
1964, -0.0252227,-1.39013,1.41762
1965, -0.0433884,-1.30509,0.889396
1966, -0.0476627,-2.26091,1.22348
1967, -0.0508684,-2.43375,2.3025
1968, -0.0465941,-2.44786,2.22575
1969, -0.0604855,-1.76701,2.25284
1970, -0.0658284,-2.3593,1.90069
1971, -0.0668969,-2.71575,2.23026
1972, -0.0668969,-2.4654,2.24832
1973, -0.0743769,-2.07559,2.39731
1974, -0.0722398,-2.6263,1.99098
1975, -0.0754455,-2.30466,2.57338
1976, -0.0765141,-2.55786,2.65916
1977, -0.0786512,-2.30708,2.63207
1978, -0.0775826,-2.35168,2.35216
1979, -0.0786512,-2.23637,2.36119
1980, -0.0786512,-2.12783,2.27992
1981, -0.0765141,-1.95091,2.32056
1982, -0.0722398,-2.01153,1.88714
1983, -0.0754455,-1.92665,1.8736
1984, -0.0743769,-1.8825,2.04967
1985, -0.0711712,-1.52788,1.95938
1986, -0.0701026,-1.59321,1.48082
1987, -0.0701026,-1.58936,1.54403
1988, -0.0668969,-1.57108,1.51694
1989, -0.0658284,-1.59432,1.60723
1990, -0.0658284,-1.37759,1.5982
1991, -0.0658284,-1.63915,1.36344
1992, -0.0636912,-1.58839,1.34087
1993, -0.0562112,-1.40589,1.3499
1994, -0.0572798,-1.12456,1.37247
1995, -0.0551427,-1.30963,1.13319
1996, -0.0572798,-1.18151,1.08353
1997, -0.051937,-1.3085,1.10159
1998, -0.0497998,-1.12026,1.27315
1999, -0.0530055,-1.14374,1.08804
2000, -0.051937,-1.36813,1.08804
2001, -0.0476627,-1.22856,1.15576
2002, -0.0423198,-0.917077,1.19188
2003, -0.044457,-0.728095,0.916484
2004, -0.0455256,-0.912155,0.884881
2005, -0.0359084,-0.996929,0.889396
2006, -0.0359084,-0.371343,0.961631
2007, -0.0359084,-0.483608,0.397294
2008, -0.0359084,-0.577519,0.347632
2009, -0.0284284,-0.655191,0.347632
2010, -0.0284284,-0.25909,0.618514
2011, -0.0284284,-0.503628,0.279911
2012, -0.0252227,-0.590361,0.216706
2013, -0.0262913,-0.458157,0.23025
2014, -0.0230856,-0.59267,0.424382
2015, -0.0198799,-0.497259,0.537249
2016, -0.022017,-0.357562,0.564338
2017, -0.0198799,-0.523815,0.564338
2018, -0.0209485,-0.439275,0.505646
2019, -0.0188113,-0.544172,0.410838
2020, -0.0230856,-0.395926,0.424382
2021, -0.0156056,-0.66539,0.410838
2022, -0.0145371,-0.187892,0.641087
2023, -0.0166742,-0.150541,0.22122
2024, -0.0134685,-0.250184,0.158015
2025, -0.00812564,-0.0200272,0.148985
2026, -0.0113313,0.365006,0
2027, -0.00705707,0.119789,-0.329573
2028, -0.00919421,0.41185,-0.388264
2029, -0.0059885,0.312207,-0.388264
2030, -0.00491993,0.531144,-0.325058
2031, -0.00491993,0.63722,-0.52822
2032, -0.00385136,0.694884,-0.564338
2033, 0.00469719,0.767144,-0.564338
2034, 0.00576576,1.30553,-0.794587
2035, 0.00256005,1.19507,-1.26863
2036, 0.00256005,0.977858,-1.32281
2037, 0.00683433,1.01152,-1.33184
2038, 0.0111086,1.43519,-1.03838
2039, 0.00683433,1.83842,-1.228
2040, 0.0121772,1.62015,-1.51694
2041, 0.01752,2.14011,-1.45825
2042, 0.0185886,2.52083,-1.79685
2043, 0.0185886,2.64997,-1.79685
2044, 0.0164514,2.55692,-1.79685
2045, 0.025,2.34249,-1.79685
2046, 0.0303428,2.88546,-1.79685
2047, 0.0260686,4,-1.79685
2048, 0.0260686,3.55629,-1.79685
2049, 0.0260686,3.27467,-1.79685
2050, 0.0292743,3.17597,-1.79685
2051, 0.0282057,3.89201,-1.79685
2052, 0.0303428,3.71607,-1.79685
2053, 0.0292743,4,-1.79685
2054, 0.0314114,3.76474,-1.79685
2055, 0.0303428,4,-1.79685
2056, 0.0346171,3.9747,-1.79685
2057, 0.0292743,4,-1.79685
2058, 0.0271371,3.8751,-1.79685
2059, 0.0292743,4,-1.76525
2060, 0.0292743,3.86843,-1.79685
2061, 0.0260686,3.18647,-1.79685
2062, 0.0239314,2.83768,-1.79685
2063, 0.0239314,3.50001,-1.79685
2064, 0.025,2.69732,-1.79685
2065, 0.01004,2.31665,-1.79685
2066, 0.00683433,1.40849,-1.79685
2067, 0.00576576,0.854771,-1.51242
2068, 0.00897147,0.437145,-1.53048
2069, -0.0145371,0.342302,-1.48985
2070, -0.0209485,-1.26629,-0.356661
2071, -0.0198799,-1.30468,1.02484
2072, -0.0230856,-1.06802,1.35892
2073, -0.0412513,-1.27196,1.19188
2074, -0.0497998,-2.18671,1.07901
2075, -0.0487313,-2.52522,2.09934
2076, -0.0487313,-2.20777,2.08579
2077, -0.0679655,-1.86829,2.20769
2078, -0.0722398,-2.79685,1.8736
2079, -0.0679655,-3.16424,2.66367
2080, -0.0647598,-2.48312,3.00228
2081, -0.0765141,-1.8646,2.59144
2082, -0.0765141,-2.46622,1.82394
2083, -0.0797198,-2.80409,2.37925
2084, -0.0765141,-2.73133,2.61853
2085, -0.0861312,-2.06904,2.47857
2086, -0.0829255,-2.33338,2.03613
2087, -0.0871997,-2.77687,2.28895
2088, -0.0871997,-2.77351,2.40634
2089, -0.0850626,-2.03193,2.37022
2090, -0.0861312,-1.92203,2.00453
2091, -0.0904055,-2.37159,1.22348
2092, -0.0850626,-2.5349,1.9955
2093, -0.0786512,-1.8146,1.85103
2094, -0.0743769,-1.63204,1.76073
2095, -0.0786512,-1.61448,1.62078
2096, -0.0775826,-1.76136,1.63884
2097, -0.0711712,-1.66568,1.57112
2098, -0.0722398,-1.42731,1.66592
2099, -0.0711712,-1.76187,1.4131
2100, -0.0701026,-1.67106,1.39053
2101, -0.0690341,-1.57695,1.37698
2102, -0.0626227,-1.52477,1.5666
2103, -0.0647598,-1.39564,1.48082
2104, -0.0701026,-1.52118,1.49437
2105, -0.0572798,-1.83242,1.48082
2106, -0.0562112,-1.00323,1.79685
2107, -0.0583484,-1.20272,1.01581
2108, -0.0551427,-1.3596,0.966146
2109, -0.0508684,-1.13435,0.975175
2110, -0.0476627,-0.760657,1.10159
2111, -0.0465941,-0.844152,0.781043
2112, -0.0476627,-0.865098,0.717837
2113, -0.0401827,-0.961091,0.708808
2114, -0.0465941,-0.542436,0.920999
2115, -0.0391141,-1.12344,0.568852
2116, -0.0380456,-0.680193,0.501132
2117, -0.0348399,-0.627941,0.496617
2118, -0.029497,-0.460195,0.59594
2119, -0.0327027,-0.406275,0.469529
2120, -0.0316342,-0.659733,0.428897
2121, -0.0262913,-0.649769,0.428897
2122, -0.0316342,-0.354763,0.632058
2123, -0.0273599,-0.855197,0.397294
2124, -0.0241542,-0.611034,0.329573
2125, -0.0230856,-0.390802,0.329573
2126, -0.0230856,-0.344001,0.356661
2127, -0.0252227,-0.413474,0.325058
2128, -0.0273599,-0.6197,0.311514
2129, -0.0177428,-0.816433,0.302485
2130, -0.0156056,-0.245059,0.785558
2131, -0.0145371,-0.227792,0.261853
2132, -0.0156056,-0.284395,0.216706
2133, -0.0145371,-0.457197,0.216706
2134, -0.0166742,-0.56177,0.428897
2135, -0.0156056,-0.725708,0.505646
2136, -0.0134685,-0.668983,0.523705
2137, -0.0113313,-0.535682,0.523705
2138, -0.0123999,-0.399792,0.505646
2139, -0.0123999,-0.527516,0.392779
2140, -0.0134685,-0.503783,0.356661
2141, -0.0123999,-0.55533,0.365691
2142, -0.0113313,-0.438193,0.523705
2143, -0.0113313,-0.498278,0.419867
2144, -0.00812564,-0.511065,0.397294
2145, -0.00812564,-0.232306,0.419867
2146, -0.00812564,-0.358063,0.203161
2147, -0.0059885,-0.360221,0.311514
2148, -0.00812564,-0.200598,0.329573
2149, -0.00491993,-0.324837,0.343117
2150, -0.00491993,-0.108057,0.288941
2151, -0.00705707,-0.123117,0.0857793
2152, -0.0059885,-0.216719,0.0767499
2153, -0.00171422,-0.106486,0.0767499
2154, 0.000422913,0.252459,0.0857793
2155, 0.00362862,0.414282,-0.239279
2156, -0.000645656,0.62761,-0.270882
2157, 0.00362862,0.431345,-0.29797
2158, 0.0079029,0.849205,-0.455985
2159, 0.00469719,1.16963,-0.821675
2160, 0.00576576,1.08905,-0.875852
2161, 0.0132457,1.24675,-0.884881
2162, 0.0143143,1.83542,-1.26863
2163, 0.0153829,2.1226,-1.79234
2164, 0.0164514,2.19745,-1.79685
2165, 0.0228629,2.33255,-1.79685
2166, 0.0271371,2.75462,-1.79685
2167, 0.0239314,3.17103,-1.79685
2168, 0.0239314,3.10083,-1.79685
2169, 0.0292743,3.08702,-1.79685
2170, 0.0314114,3.3843,-1.79685
2171, 0.0292743,4,-1.79685
2172, 0.0303428,3.92638,-1.79685
2173, 0.0335486,3.73326,-1.79685
2174, 0.0346171,3.69655,-1.79685
2175, 0.0346171,4,-1.79685
2176, 0.0378228,3.81149,-1.79685
2177, 0.0378228,3.7288,-1.79685
2178, 0.0367543,3.61702,-1.79685
2179, 0.0346171,3.82666,-1.79685
2180, 0.0346171,3.34658,-1.79685
2181, 0.0303428,3.33915,-1.79685
2182, 0.0303428,2.53003,-1.79685
2183, 0.0314114,3.25899,-1.79685
2184, 0.0292743,3.08906,-1.79685
2185, 0.0185886,2.45871,-1.79685
2186, 0.0207257,1.60666,-1.79685
2187, 0.0217943,2.18348,-1.78782
2188, 0.0207257,2.67349,-1.66592
2189, 0.00576576,2.37339,-1.66592
2190, 0.00362862,0.836504,-1.60272
2191, 0.00256005,0.855499,-1.06547
2192, 0.00256005,0.450789,-0.930028
2193, -0.0145371,0.313137,-0.627543
2194, -0.0209485,-0.67118,-0.347632
2195, -0.0198799,-1.07556,0.505646
2196, -0.0209485,-0.90448,0.68172
2197, -0.036977,-0.878744,0.659146
2198, -0.0401827,-1.71284,0.839734
2199, -0.0423198,-1.9979,1.67947
2200, -0.0433884,-1.83896,1.71559
2201, -0.051937,-1.6221,1.69753
2202, -0.0604855,-2.04507,1.69753
2203, -0.0583484,-2.52087,1.78782
2204, -0.0615541,-2.19966,2.09934
2205, -0.0711712,-2.22515,2.15803
2206, -0.0711712,-2.21684,2.11739
2207, -0.0743769,-2.66807,2.23478
2208, -0.0722398,-2.36403,2.18511
2209, -0.0786512,-1.95413,1.98647
2210, -0.0797198,-2.58396,1.94584
2211, -0.0786512,-2.72289,2.47857
2212, -0.0797198,-2.3503,2.55983
2213, -0.0775826,-1.95811,2.60498
2214, -0.0786512,-1.79577,1.9052
2215, -0.0775826,-1.95259,1.81942
2216, -0.0786512,-2.11611,1.77879
2217, -0.0733083,-2.05892,1.73816
2218, -0.0765141,-1.54404,2.01356
2219, -0.0722398,-2.03485,1.57112
2220, -0.0743769,-1.70265,1.47631
2221, -0.0711712,-1.76578,1.54854
2222, -0.0658284,-1.49635,1.70656
2223, -0.0679655,-1.50115,1.47631
2224, -0.0679655,-1.58008,1.44922
2225, -0.0626227,-1.56513,1.4447
2226, -0.0615541,-1.33175,1.53048
2227, -0.0647598,-1.52147,1.31829
2228, -0.059417,-1.67725,1.28669
2229, -0.0540741,-1.26547,1.29572
2230, -0.0540741,-0.802099,1.22348
2231, -0.0530055,-1.02647,0.794587
2232, -0.0530055,-1.06405,0.67269
2233, -0.0476627,-1.16223,0.767499
2234, -0.0465941,-0.830271,1.14222
2235, -0.0465941,-0.962965,0.82619
2236, -0.0465941,-0.992308,0.808131
2237, -0.0391141,-0.971164,0.803617
2238, -0.0391141,-0.465775,0.952602
2239, -0.036977,-0.642724,0.469529
2240, -0.0337713,-0.575286,0.45147
2241, -0.0348399,-0.432999,0.446955
2242, -0.0273599,-0.577005,0.397294
2243, -0.0273599,-0.261596,0.51919
2244, -0.029497,-0.324597,0.550793
2245, -0.0230856,-0.52133,0.532735
2246, -0.0241542,-0.280885,0.483073
2247, -0.0209485,-0.4325,0.270882
2248, -0.0252227,-0.268522,0.261853
2249, -0.0198799,-0.573097,0.257338
2250, -0.0166742,-0.303982,0.537249
2251, -0.0198799,-0.168757,0.311514
2252, -0.0198799,-0.421942,0.275397
2253, -0.0198799,-0.542175,0.279911
2254, -0.0156056,-0.61208,0.532735
2255, -0.0188113,-0.553611,0.582396
2256, -0.0156056,-0.744659,0.577882
2257, -0.0102628,-0.534625,0.577882
2258, -0.0188113,-0.187291,0.514676
2259, -0.0113313,-0.757877,0.194132
2260, -0.0145371,-0.324709,0.176073
2261, -0.0123999,-0.471153,0.167044
2262, -0.0102628,-0.286503,0.437926
2263, -0.0102628,-0.17905,0.275397
2264, -0.0113313,-0.167241,0.257338
2265, -0.00705707,-0.214473,0.275397
2266, -0.00705707,-0.0975923,0.198647
2267, -0.00812564,-0.086172,0.0812646
2268, -0.00705707,-0.0421977,0.0677205
2269, -0.00385136,0.185679,0.0857793
2270, -0.000645656,0.577221,-0.207676
2271, -0.000645656,0.977077,-0.555308
2272, -0.000645656,1.16247,-0.591426
2273, 0.000422913,1.30487,-0.600455
2274, 0.0111086,1.52529,-1.33184
2275, 0.0079029,2.34784,-1.52145
2276, 0.0079029,2.26585,-1.535
2277, 0.0185886,2.37071,-1.55757
2278, 0.0239314,3.18377,-1.79685
2279, 0.0185886,3.8279,-1.79685
2280, 0.0185886,3.49696,-1.79685
2281, 0.0282057,3.54384,-1.79685
2282, 0.0292743,4,-1.79685
2283, 0.03248,4,-1.79685
2284, 0.0346171,4,-1.79685
2285, 0.0453028,4,-1.79685
2286, 0.0527828,4,-1.79685
2287, 0.0538514,4,-1.79685
2288, 0.0527828,4,-1.79685
2289, 0.0623999,4,-1.79685
2290, 0.0666742,4,-1.79685
2291, 0.0645371,4,-1.79685
2292, 0.0677428,4,-1.79685
2293, 0.0730856,4,-1.79685
2294, 0.0730856,4,-1.79685
2295, 0.0773599,4,-1.79685
2296, 0.0730856,4,-1.79685
2297, 0.0773599,4,-1.79685
2298, 0.0773599,4,-1.79685
2299, 0.0762913,4,-1.79685
2300, 0.0741542,4,-1.79685
2301, 0.0623999,4,-1.79685
2302, 0.0623999,4,-1.79685
2303, 0.0591942,4,-1.79685
2304, 0.0613313,3.68856,-1.79685
2305, 0.0346171,3.04773,-1.79685
2306, 0.0346171,0.948018,-1.79685
2307, 0.03248,1.12878,-1.22348
2308, 0.0314114,0.548333,-1.06095
2309, -0.000645656,0.391224,-0.952602
2310, -0.00812564,-1.39695,-0.419867
2311, -0.0102628,-1.61299,1.01581
2312, -0.00919421,-1.44596,1.46728
2313, -0.0401827,-1.16127,0.83522
2314, -0.0487313,-2.77576,1.18285
2315, -0.0487313,-3.14961,2.45148
2316, -0.0497998,-2.69896,2.76751
2317, -0.0701026,-2.5989,2.77203
2318, -0.0765141,-3.42559,2.51469
2319, -0.0775826,-3.64114,3.39957
2320, -0.0786512,-3.30063,2.46051
2321, -0.0978854,-2.83998,3.47632
2322, -0.0978854,-3.73954,2.78106
2323, -0.100023,-3.71492,3.67497
2324, -0.101091,-3.48896,3.71108
2325, -0.106434,-3.06887,3.70657
2326, -0.106434,-3.10504,2.98422
2327, -0.105365,-3.36708,3.18286
2328, -0.104297,-2.85018,3.18286
2329, -0.10216,-2.4648,3.16029
2330, -0.107503,-2.64008,2.49211
2331, -0.105365,-2.97551,2.64561
2332, -0.105365,-2.64458,2.52823
2333, -0.10216,-2.40121,2.5192
2334, -0.10216,-2.26813,2.38828
2335, -0.101091,-2.53925,2.25735
2336, -0.101091,-2.34503,2.19414
2337, -0.091474,-2.24045,2.21672
2338, -0.091474,-1.64828,2.2122
2339, -0.0904055,-2.0645,1.65238
2340, -0.091474,-1.9869,1.60723
2341, -0.0818569,-2.03543,1.65689
2342, -0.0786512,-1.39815,1.98195
2343, -0.0797198,-1.53166,1.43116
2344, -0.0797198,-1.7445,1.40859
2345, -0.0701026,-1.91902,1.40407
2346, -0.0701026,-1.13272,1.86457
2347, -0.0690341,-1.43468,1.17834
2348, -0.0690341,-1.41205,1.07901
2349, -0.0604855,-1.44555,1.07901
2350, -0.0551427,-0.894651,1.4131
2351, -0.0583484,-0.969193,0.911969
2352, -0.0583484,-1.2343,0.862308
2353, -0.0497998,-1.28667,0.853278
2354, -0.051937,-0.761942,1.26412
2355, -0.0508684,-1.06674,0.75847
2356, -0.0508684,-1.08305,0.781043
2357, -0.0433884,-1.12275,0.722352
2358, -0.0401827,-0.619954,1.08353
2359, -0.0423198,-0.632019,0.641087
2360, -0.0423198,-0.848443,0.59594
2361, -0.0359084,-0.923526,0.577882
2362, -0.0359084,-0.49185,0.90294
2363, -0.0348399,-0.642246,0.514676
2364, -0.0337713,-0.646795,0.446955
2365, -0.029497,-0.690453,0.437926
2366, -0.0284284,-0.567617,0.654632
2367, -0.0252227,-0.65795,0.541764
2368, -0.0273599,-0.499424,0.541764
2369, -0.0230856,-0.686937,0.532735
2370, -0.0230856,-0.473411,0.645602
2371, -0.0241542,-0.561871,0.483073
2372, -0.0230856,-0.69168,0.437926
2373, -0.0198799,-0.742242,0.428897
2374, -0.0177428,-0.569907,0.699778
2375, -0.0177428,-0.575309,0.577882
2376, -0.0198799,-0.552439,0.52822
2377, -0.0166742,-0.642589,0.532735
2378, -0.0166742,-0.405528,0.627543
2379, -0.0166742,-0.415093,0.428897
2380, -0.0134685,-0.359702,0.38375
2381, -0.0123999,-0.0352024,0.379235
2382, -0.0113313,0.0889969,0
2383, -0.00919421,0.0148302,-0.0948087
2384, -0.00812564,0.218036,-0.108353
2385, -0.00491993,0.396016,-0.108353
2386, -0.00171422,0.698666,-0.433411
2387, -0.00278279,0.985739,-0.695264
2388, -0.00278279,0.953178,-0.708808
2389, 0.00362862,1.00367,-0.717837
2390, 0.000422913,1.47261,-1.02484
2391, 0.00683433,1.34758,-1.44019
2392, 0.00683433,1.78734,-1.49888
2393, 0.0132457,1.85277,-1.5034
2394, 0.0153829,2.32528,-1.79685
2395, 0.0185886,2.49334,-1.79685
2396, 0.0143143,2.67273,-1.79685
2397, 0.0239314,2.31379,-1.79685
2398, 0.0260686,3.02163,-1.79685
2399, 0.0228629,3.31129,-1.79685
2400, 0.0260686,3.10832,-1.79685
2401, 0.0335486,3.29203,-1.79685
2402, 0.03248,4,-1.79685
2403, 0.0282057,4,-1.79685
2404, 0.0282057,4,-1.79685
2405, 0.0367543,4,-1.79685
2406, 0.0388914,4,-1.79685
2407, 0.0378228,4,-1.79685
2408, 0.0388914,4,-1.79685
2409, 0.0549199,4,-1.79685
2410, 0.0549199,4,-1.79685
2411, 0.0527828,4,-1.79685
2412, 0.0517142,4,-1.79685
2413, 0.0538514,4,-1.79685
2414, 0.0581256,4,-1.79685
2415, 0.0570571,4,-1.79685
2416, 0.0559885,4,-1.79685
2417, 0.0527828,4,-1.79685
2418, 0.0549199,4,-1.79685
2419, 0.0527828,4,-1.79685
2420, 0.0517142,4,-1.79234
2421, 0.0346171,3.88471,-1.79685
2422, 0.0303428,2.12561,-1.79685
2423, 0.03248,1.92949,-1.79234
2424, 0.0303428,1.55608,-1.79685
2425, 0.00683433,1.10546,-1.79685
2426, -0.00491993,-0.51616,-1.07901
2427, 0.000422913,-1.18499,0.216706
2428, -0.00278279,-0.558598,0.550793
2429, -0.0316342,-0.931716,0.550793
2430, -0.0391141,-2.42303,0.609484
2431, -0.0391141,-2.70654,2.23929
2432, -0.0401827,-2.20528,2.57338
2433, -0.0626227,-1.81167,2.59595
2434, -0.0668969,-3.04523,1.79685
2435, -0.0701026,-3.31432,2.91198
2436, -0.0701026,-3.24084,3.07
2437, -0.0925426,-2.7781,3.23253
2438, -0.0946797,-3.77975,1.59369
2439, -0.0936112,-3.87877,3.78783
2440, -0.0936112,-3.29702,3.70657
2441, -0.101091,-2.77359,4.03614
2442, -0.100023,-2.95672,2.80363
2443, -0.101091,-3.23892,2.57338
2444, -0.10216,-2.98437,3.00228
2445, -0.10216,-2.42311,2.56435
2446, -0.10964,-2.47813,2.44697
2447, -0.103228,-3.03108,2.36119
2448, -0.10216,-2.52915,2.54629
2449, -0.101091,-2.70466,2.49211
2450, -0.100023,-2.31937,2.81266
2451, -0.101091,-2.85698,2.34764
2452, -0.098954,-2.74283,2.28895
2453, -0.091474,-2.40931,2.31604
2454, -0.091474,-1.73422,2.33861
2455, -0.0904055,-2.03872,1.92778
2456, -0.0904055,-1.76782,1.73816
2457, -0.0775826,-1.75617,1.68398
2458, -0.0775826,-1.20357,1.72462
2459, -0.0743769,-1.32835,1.21445
2460, -0.0775826,-1.20148,1.14673
2461, -0.0701026,-1.64612,1.22348
2462, -0.0711712,-1.23621,1.71107
2463, -0.0668969,-1.50955,1.26412
2464, -0.0658284,-1.28723,1.21445
2465, -0.059417,-1.21901,1.21897
2466, -0.0583484,-1.0396,1.17382
2467, -0.059417,-1.13397,1.03387
2468, -0.0572798,-1.24319,0.988719
2469, -0.051937,-1.12499,1.01129
2470, -0.0530055,-0.958012,1.08353
2471, -0.051937,-1.15203,0.943572
2472, -0.0497998,-1.07459,0.911969
2473, -0.0465941,-1.00457,0.916484
2474, -0.044457,-0.820422,0.984205
2475, -0.0423198,-0.883761,0.853278
2476, -0.0423198,-0.781803,0.794587
2477, -0.0391141,-0.835037,0.790072
2478, -0.036977,-0.672195,0.808131
2479, -0.0391141,-0.772328,0.659146
2480, -0.036977,-0.926342,0.641087
2481, -0.0316342,-0.80987,0.659146
2482, -0.0316342,-0.462809,0.762984
2483, -0.0284284,-0.571349,0.465014
2484, -0.0316342,-0.433967,0.428897
2485, -0.0252227,-0.701234,0.424382
2486, -0.0252227,-0.339304,0.659146
2487, -0.022017,-0.499309,0.365691
2488, -0.0262913,-0.348118,0.316029
2489, -0.0209485,-0.729775,0.311514
2490, -0.0209485,-0.479057,0.699778
2491, -0.0198799,-0.577125,0.483073
2492, -0.0188113,-0.52342,0.455985
2493, -0.0177428,-0.546955,0.446955
2494, -0.0166742,-0.529928,0.51919
2495, -0.0177428,-0.550285,0.496617
2496, -0.0177428,-0.678483,0.523705
2497, -0.0156056,-0.771215,0.510161
2498, -0.0156056,-0.634462,0.731381
2499, -0.0134685,-0.670277,0.618514
2500, -0.0156056,-0.54647,0.586911
2501, -0.0145371,-0.693852,0.600455
2502, -0.0134685,-0.667016,0.650117
2503, -0.0134685,-0.816654,0.641087
2504, -0.0134685,-0.777818,0.627543
2505, -0.0123999,-0.751927,0.632058
2506, -0.0134685,-0.646599,0.708808
2507, -0.0113313,-0.8758,0.632058
2508, -0.0102628,-0.649883,0.613999
2509, -0.00812564,-0.597314,0.613999
2510, -0.00919421,-0.403602,0.600455
2511, -0.00812564,-0.618175,0.424382
2512, -0.00812564,-0.562312,0.365691
2513, -0.00491993,-0.591655,0.365691
2514, -0.00705707,-0.371854,0.568852
2515, -0.00919421,-0.557756,0.379235
2516, -0.00491993,-0.625036,0.329573
2517, -0.00385136,-0.290256,0.329573
2518, -0.00278279,-0.204375,0.252823
2519, -0.00171422,-0.048086,0.185103
2520, -0.00278279,0.145155,0.185103
2521, 0.00362862,0.238595,0.180588
2522, 0.00149148,0.865429,-0.293455
2523, 0.00469719,0.860991,-0.830705
2524, 0.00897147,1.11116,-0.884881
2525, 0.0143143,1.45413,-0.884881
2526, 0.0143143,1.86306,-1.535
2527, 0.0164514,2.02404,-1.79685
2528, 0.0164514,2.1808,-1.79685
2529, 0.0260686,2.28695,-1.79685
2530, 0.0282057,2.95628,-1.79685
2531, 0.025,3.33219,-1.79685
2532, 0.0260686,3.10392,-1.79685
2533, 0.03248,3.19862,-1.79685
2534, 0.0378228,3.8282,-1.79685
2535, 0.0367543,4,-1.79685
2536, 0.0346171,4,-1.79685
2537, 0.0453028,4,-1.79685
2538, 0.0474399,4,-1.79685
2539, 0.0485085,4,-1.79685
2540, 0.0517142,4,-1.79685
2541, 0.0570571,4,-1.79685
2542, 0.0602628,4,-1.79685
2543, 0.0613313,4,-1.79685
2544, 0.0591942,4,-1.37698
2545, 0.0623999,4,-1.79685
2546, 0.0581256,4,-1.79685
2547, 0.0581256,4,-1.79685
2548, 0.0581256,4,-1.79685
2549, 0.0549199,4,-1.79685
2550, 0.0495771,3.74799,-1.79685
2551, 0.0474399,3.28193,-1.79685
2552, 0.0474399,2.47104,-1.79685
2553, 0.0303428,1.83601,-1.79685
2554, 0.0260686,0.986344,-1.79685
2555, 0.0271371,0.772287,-1.27766
2556, 0.0292743,0.767379,-1.02484
2557, 0.00256005,0.776132,-0.984205
2558, -0.00705707,-0.974905,-0.699778
2559, -0.00705707,-1.47889,0.67269
2560, -0.00812564,-1.30107,0.659146
2561, -0.0284284,-1.07931,1.06547
2562, -0.036977,-2.05099,1.00226
2563, -0.0359084,-2.54487,1.94132
2564, -0.0391141,-1.949,1.98647
2565, -0.0530055,-1.70595,1.9955
2566, -0.0551427,-2.44498,1.73816
2567, -0.0551427,-2.54656,2.3657
2568, -0.0583484,-2.15534,2.23929
2569, -0.0690341,-2.09516,2.41988
2570, -0.0722398,-2.79507,2.00453
2571, -0.0733083,-3.01461,2.87135
2572, -0.0754455,-2.34277,2.77203
2573, -0.0775826,-2.14711,2.69076
2574, -0.0786512,-2.12616,2.20317
2575, -0.0786512,-2.88787,2.11739
2576, -0.0786512,-2.60955,2.06322
2577, -0.0807883,-2.32518,2.06773
2578, -0.0743769,-2.12281,2.27541
2579, -0.0797198,-1.86251,2.08579
2580, -0.0786512,-2.07737,2.19414
2581, -0.0765141,-2.05735,2.08579
2582, -0.0743769,-1.62255,2.06773
2583, -0.0733083,-1.76814,1.62529
2584, -0.0775826,-1.63719,1.58917
2585, -0.0701026,-1.84856,0.957116
2586, -0.0701026,-1.49419,1.82845
2587, -0.0679655,-1.62319,1.49888
2588, -0.0690341,-1.46039,1.47179
2589, -0.0604855,-1.5059,1.47631
2590, -0.059417,-1.07386,1.46276
2591, -0.0604855,-1.29038,1.15576
2592, -0.0562112,-1.43968,1.0745
2593, -0.0540741,-1.17265,1.03387
2594, -0.0551427,-1.00828,1.13319
2595, -0.0530055,-1.18574,1.00678
2596, -0.0551427,-1.07099,0.957116
2597, -0.0476627,-1.19723,0.975175
2598, -0.0465941,-0.857256,1.14673
2599, -0.044457,-0.891651,0.844249
2600, -0.0465941,-0.82276,0.817161
2601, -0.0380456,-0.985246,0.821675
2602, -0.0359084,-0.4857,0.952602
2603, -0.036977,-0.520761,0.541764
2604, -0.0380456,-0.683365,0.446955
2605, -0.0337713,-0.854441,0.442441
2606, -0.0327027,-0.614708,0.817161
2607, -0.0316342,-0.675541,0.623029
2608, -0.0316342,-0.57739,0.586911
2609, -0.0273599,-0.627877,0.573367
2610, -0.0230856,-0.390618,0.59594
2611, -0.0241542,-0.330034,0.379235
2612, -0.029497,-0.474357,0.365691
2613, -0.0209485,-0.85319,0.352147
2614, -0.0198799,-0.322418,0.821675
2615, -0.022017,-0.322336,0.352147
2616, -0.0209485,-0.486432,0.29797
2617, -0.0145371,-0.543898,0.279911
2618, -0.0166742,-0.153489,0.505646
2619, -0.0145371,-0.343591,0.180588
2620, -0.0123999,-0.249126,0.117382
2621, -0.0102628,-0.146894,0.112867
2622, -0.0123999,-0.0268123,0.108353
2623, -0.0123999,-0.230838,0.0045147
2624, -0.0123999,-0.138926,0.0180588
2625, -0.00705707,-0.0124937,0.0135441
2626, -0.00705707,0.479554,-0.0361176
2627, -0.00705707,0.608144,-0.415352
2628, -0.00812564,0.729556,-0.496617
2629, -0.000645656,0.776235,-0.510161
2630, 0.000422913,1.38605,-0.799102
2631, 0.00256005,1.53343,-1.35892
2632, 0.000422913,1.78626,-1.39053
2633, 0.0111086,1.77837,-1.40859
2634, 0.01004,2.58684,-1.73364
2635, 0.0079029,2.66314,-1.79685
2636, 0.0132457,2.53043,-1.79685
2637, 0.0196572,2.86713,-1.79685
2638, 0.0228629,3.3316,-1.79685
2639, 0.0217943,4,-1.79685
2640, 0.0239314,4,-1.79685
2641, 0.0303428,3.96804,-1.79685
2642, 0.0314114,4,-1.79685
2643, 0.0303428,4,-1.79685
2644, 0.0335486,4,-1.79685
2645, 0.0356857,4,-1.79685
2646, 0.0356857,4,-1.79685
2647, 0.0367543,4,-1.79685
2648, 0.0303428,4,-1.79685
2649, 0.0356857,4,-1.79685
2650, 0.0356857,4,-1.79685
2651, 0.0388914,4,-1.79685
2652, 0.0356857,3.98193,-1.79685
2653, 0.0303428,3.12883,-1.79685
2654, 0.0314114,2.31541,-1.79685
2655, 0.0314114,2.74905,-1.79685
2656, 0.0303428,1.74444,-1.79685
2657, 0.0143143,1.15728,-1.79685
2658, 0.0121772,0.456361,-1.25057
2659, 0.0079029,0.233694,-0.532735
2660, 0.00897147,-0.199701,-0.568852
2661, -0.0134685,-0.16714,-0.537249
2662, -0.0241542,-1.52239,0.148985
2663, -0.0198799,-2.00907,1.42213
2664, -0.0252227,-1.4219,1.48985
2665, -0.0412513,-1.36248,1.45373
2666, -0.0476627,-2.17319,1.31378
2667, -0.044457,-2.56225,2.11739
2668, -0.0476627,-1.97378,2.13545
2669, -0.0572798,-1.80522,2.149
2670, -0.0636912,-2.17649,1.91875
2671, -0.0658284,-2.57893,2.04064
2672, -0.0658284,-2.42614,1.96389
2673, -0.0711712,-2.51296,2.17157
2674, -0.0818569,-2.47731,2.37925
2675, -0.0743769,-3.11642,2.55532
2676, -0.0765141,-2.52942,2.46051
2677, -0.0786512,-2.3106,2.42439
2678, -0.0786512,-2.07932,2.27541
2679, -0.0786512,-2.23739,2.06773
2680, -0.0829255,-2.0205,2.1806
2681, -0.0733083,-1.97881,2.00904
2682, -0.0775826,-1.48709,2.00453
2683, -0.0733083,-1.81786,1.54403
2684, -0.0743769,-1.51415,1.4447
2685, -0.0701026,-1.53506,1.535
2686, -0.0679655,-1.36315,1.52597
2687, -0.0679655,-1.70919,1.36795
2688, -0.0647598,-1.65438,1.30475
2689, -0.0626227,-1.45298,1.29572
2690, -0.0626227,-1.05706,1.27766
2691, -0.0626227,-1.61646,1.11062
2692, -0.0658284,-1.60756,1.04741
2693, -0.0572798,-1.75314,1.0429
2694, -0.0572798,-1.03016,1.70656
2695, -0.0551427,-1.3476,1.09256
2696, -0.0562112,-1.21776,1.00678
2697, -0.0508684,-1.30296,0.993234
2698, -0.0562112,-0.85054,1.2596
2699, -0.0497998,-1.43374,0.880366
2700, -0.0476627,-1.0791,0.853278
2701, -0.0433884,-0.932697,0.803617
2702, -0.0433884,-0.684061,0.893911
2703, -0.0433884,-0.966371,0.699778
2704, -0.0391141,-0.993987,0.645602
2705, -0.036977,-0.710125,0.645602
2706, -0.0359084,-0.604441,0.67269
2707, -0.0359084,-0.685598,0.586911
2708, -0.0359084,-0.786845,0.577882
2709, -0.0316342,-0.803084,0.577882
2710, -0.0305656,-0.619563,0.762984
2711, -0.029497,-0.573467,0.627543
2712, -0.0273599,-0.539885,0.577882
2713, -0.0230856,-0.464406,0.573367
2714, -0.022017,-0.312975,0.428897
2715, -0.0262913,-0.39872,0.29797
2716, -0.0241542,-0.709494,0.293455
2717, -0.0198799,-0.608125,0.284426
2718, -0.0209485,-0.385379,0.573367
2719, -0.0209485,-0.475921,0.38375
2720, -0.0177428,-0.570421,0.361176
2721, -0.0177428,-0.445826,0.352147
2722, -0.0145371,-0.504512,0.419867
2723, -0.0156056,-0.52164,0.460499
2724, -0.0177428,-0.641797,0.474044
2725, -0.0166742,-0.779413,0.469529
2726, -0.0123999,-0.742811,0.744926
2727, -0.0156056,-0.493196,0.740411
2728, -0.0156056,-0.766303,0.731381
2729, -0.0145371,-0.753358,0.708808
2730, -0.0113313,-0.685413,0.713323
2731, -0.0123999,-0.677039,0.677205
2732, -0.0123999,-0.759223,0.659146
2733, -0.0123999,-0.738511,0.645602
2734, -0.0113313,-0.731175,0.690749
2735, -0.00919421,-0.759371,0.704293
2736, -0.0123999,-0.574289,0.686234
2737, -0.0113313,-0.792364,0.695264
2738, -0.0102628,-0.691898,0.753955
2739, -0.0102628,-0.734334,0.677205
2740, -0.0102628,-0.667881,0.659146
2741, -0.00812564,-0.683415,0.654632
2742, -0.00812564,-0.55023,0.659146
2743, -0.00705707,-0.604126,0.546279
2744, -0.00705707,-0.554146,0.523705
2745, -0.0059885,-0.542064,0.514676
2746, -0.00385136,-0.432852,0.433411
2747, -0.00491993,-0.400324,0.424382
2748, -0.00385136,-0.596773,0.424382
2749, -0.000645656,-0.544362,0.419867
2750, -0.00385136,-0.297808,0.52822
2751, -0.000645656,-0.465281,0.311514
2752, 0.00149148,-0.307891,0.270882
2753, 0.00149148,-0.181653,0.266367
2754, 0.00256005,-0.200912,0.162529
2755, 0.00149148,-0.343732,0.176073
2756, 0.00362862,-0.422033,0.176073
2757, 0.00469719,-0.311602,0.167044
2758, 0.00683433,-0.148926,0.29797
2759, 0.00362862,-0.0302969,0.0948087
2760, 0.00362862,-0.279009,0.130926
2761, 0.0079029,-0.428225,0.121897
2762, 0.00683433,-0.173864,0.419867
2763, 0.0079029,-0.155982,0.180588
2764, 0.00897147,-0.120673,0.14447
2765, 0.0079029,-0.105804,0.148985
2766, 0.00683433,-0.309747,0.0677205
2767, 0.00683433,-0.310577,0.261853
2768, 0.0079029,-0.261385,0.279911
2769, 0.00683433,-0.195871,0.275397
2770, 0.0079029,-0.320301,0.162529
2771, 0.0111086,-0.287855,0.279911
2772, 0.00897147,-0.0907667,0.284426
2773, 0.01004,-0.081913,0.311514
2774, 0.00683433,-0.0411532,0.0677205
2775, 0.0111086,-0.42782,0.0135441
2776, 0.0143143,-0.135917,0.0316029
2777, 0.01004,0.0594455,0.121897
2778, 0.0121772,-0.0655911,-0.0722352
2779, 0.0111086,-0.173534,0.0361176
2780, 0.0121772,-0.285766,0.0361176
2781, 0.0111086,-0.177576,0.0361176
2782, 0.0132457,-0.0898742,0.158015
2783, 0.0121772,-0.0811941,0.0677205
2784, 0.0111086,-0.17503,0.0677205
2785, 0.01004,-0.251173,0.0632058
2786, 0.0143143,-0.26679,0.234764
2787, 0.0143143,-0.10998,0.225735
2788, 0.0143143,-0.098329,0.243794
2789, 0.0132457,-0.0881309,0.239279
2790, 0.0121772,-0.0793528,0.0586911
2791, 0.0153829,-0.298672,0.0496617
2792, 0.0143143,-0.101741,0.045147
2793, 0.0132457,-0.174864,0.0632058
