-10.0000E+00,-300E-06
-9.9900E+00,-300E-06
-9.9800E+00,-3.4E-03
-9.9700E+00,+2.9E-03
-9.9600E+00,+2.9E-03
-9.9500E+00,+2.9E-03
-9.9400E+00,+2.9E-03
-9.9300E+00,-300E-06
-9.9200E+00,+2.9E-03
-9.9100E+00,-300E-06
-9.9000E+00,+2.9E-03
-9.8900E+00,+6.0E-03
-9.8800E+00,-300E-06
-9.8700E+00,+2.9E-03
-9.8600E+00,+2.9E-03
-9.8500E+00,+2.9E-03
-9.8400E+00,+2.9E-03
-9.8300E+00,+2.9E-03
-9.8200E+00,+2.9E-03
-9.8100E+00,-300E-06
-9.8000E+00,+6.0E-03
-9.7900E+00,+2.9E-03
-9.7800E+00,+2.9E-03
-9.7700E+00,-3.4E-03
-9.7600E+00,+2.9E-03
-9.7500E+00,+2.9E-03
-9.7400E+00,-300E-06
-9.7300E+00,+6.0E-03
-9.7200E+00,+6.0E-03
-9.7100E+00,-300E-06
-9.7000E+00,+2.9E-03
-9.6900E+00,-300E-06
-9.6800E+00,-300E-06
-9.6700E+00,+2.9E-03
-9.6600E+00,+2.9E-03
-9.6500E+00,-300E-06
-9.6400E+00,+2.9E-03
-9.6300E+00,-300E-06
-9.6200E+00,+2.9E-03
-9.6100E+00,+2.9E-03
-9.6000E+00,+2.9E-03
-9.5900E+00,-300E-06
-9.5800E+00,+2.9E-03
-9.5700E+00,+2.9E-03
-9.5600E+00,+2.9E-03
-9.5500E+00,-300E-06
-9.5400E+00,-300E-06
-9.5300E+00,+2.9E-03
-9.5200E+00,+2.9E-03
-9.5100E+00,+2.9E-03
-9.5000E+00,+2.9E-03
-9.4900E+00,+2.9E-03
-9.4800E+00,+2.9E-03
-9.4700E+00,+6.0E-03
-9.4600E+00,+2.9E-03
-9.4500E+00,-300E-06
-9.4400E+00,+2.9E-03
-9.4300E+00,-300E-06
-9.4200E+00,+2.9E-03
-9.4100E+00,-300E-06
-9.4000E+00,-300E-06
-9.3900E+00,+2.9E-03
-9.3800E+00,+2.9E-03
-9.3700E+00,+2.9E-03
-9.3600E+00,+6.0E-03
-9.3500E+00,+2.9E-03
-9.3400E+00,+2.9E-03
-9.3300E+00,+2.9E-03
-9.3200E+00,+2.9E-03
-9.3100E+00,+2.9E-03
-9.3000E+00,+2.9E-03
-9.2900E+00,+2.9E-03
-9.2800E+00,+6.0E-03
-9.2700E+00,+12.2E-03
-9.2600E+00,+27.9E-03
-9.2500E+00,+31.0E-03
-9.2400E+00,+56.0E-03
-9.2300E+00,+77.9E-03
-9.2200E+00,+81.0E-03
-9.2100E+00,+99.7E-03
-9.2000E+00,+115.4E-03
-9.1900E+00,+134.1E-03
-9.1800E+00,+159.1E-03
-9.1700E+00,+168.5E-03
-9.1600E+00,+193.5E-03
-9.1500E+00,+209.1E-03
-9.1400E+00,+237.3E-03
-9.1300E+00,+249.8E-03
-9.1200E+00,+268.5E-03
-9.1100E+00,+299.8E-03
-9.1000E+00,+299.8E-03
-9.0900E+00,+318.5E-03
-9.0800E+00,+334.1E-03
-9.0700E+00,+349.8E-03
-9.0600E+00,+365.4E-03
-9.0500E+00,+365.4E-03
-9.0400E+00,+377.9E-03
-9.0300E+00,+393.5E-03
-9.0200E+00,+402.9E-03
-9.0100E+00,+399.8E-03
-9.0000E+00,+412.3E-03
-8.9900E+00,+409.1E-03
-8.9800E+00,+409.1E-03
-8.9700E+00,+415.4E-03
-8.9600E+00,+402.9E-03
-8.9500E+00,+393.5E-03
-8.9400E+00,+396.6E-03
-8.9300E+00,+390.4E-03
-8.9200E+00,+371.6E-03
-8.9100E+00,+374.8E-03
-8.9000E+00,+359.1E-03
-8.8900E+00,+334.1E-03
-8.8800E+00,+318.5E-03
-8.8700E+00,+302.9E-03
-8.8600E+00,+293.5E-03
-8.8500E+00,+281.0E-03
-8.8400E+00,+259.1E-03
-8.8300E+00,+259.1E-03
-8.8200E+00,+234.1E-03
-8.8100E+00,+218.5E-03
-8.8000E+00,+190.4E-03
-8.7900E+00,+174.7E-03
-8.7800E+00,+162.2E-03
-8.7700E+00,+149.7E-03
-8.7600E+00,+127.9E-03
-8.7500E+00,+112.2E-03
-8.7400E+00,+96.6E-03
-8.7300E+00,+87.2E-03
-8.7200E+00,+71.6E-03
-8.7100E+00,+56.0E-03
-8.7000E+00,+49.7E-03
-8.6900E+00,+40.4E-03
-8.6800E+00,+34.1E-03
-8.6700E+00,+24.7E-03
-8.6600E+00,+21.6E-03
-8.6500E+00,+24.7E-03
-8.6400E+00,+21.6E-03
-8.6300E+00,+24.7E-03
-8.6200E+00,+24.7E-03
-8.6100E+00,+21.6E-03
-8.6000E+00,+34.1E-03
-8.5900E+00,+40.4E-03
-8.5800E+00,+40.4E-03
-8.5700E+00,+46.6E-03
-8.5600E+00,+62.2E-03
-8.5500E+00,+77.9E-03
-8.5400E+00,+87.2E-03
-8.5300E+00,+96.6E-03
-8.5200E+00,+115.4E-03
-8.5100E+00,+131.0E-03
-8.5000E+00,+152.9E-03
-8.4900E+00,+156.0E-03
-8.4800E+00,+174.7E-03
-8.4700E+00,+202.9E-03
-8.4600E+00,+202.9E-03
-8.4500E+00,+234.1E-03
-8.4400E+00,+243.5E-03
-8.4300E+00,+256.0E-03
-8.4200E+00,+271.6E-03
-8.4100E+00,+293.5E-03
-8.4000E+00,+309.1E-03
-8.3900E+00,+315.4E-03
-8.3800E+00,+334.1E-03
-8.3700E+00,+334.1E-03
-8.3600E+00,+346.6E-03
-8.3500E+00,+352.9E-03
-8.3400E+00,+365.4E-03
-8.3300E+00,+368.5E-03
-8.3200E+00,+371.6E-03
-8.3100E+00,+374.8E-03
-8.3000E+00,+371.6E-03
-8.2900E+00,+381.0E-03
-8.2800E+00,+381.0E-03
-8.2700E+00,+384.1E-03
-8.2600E+00,+368.5E-03
-8.2500E+00,+368.5E-03
-8.2400E+00,+359.1E-03
-8.2300E+00,+359.1E-03
-8.2200E+00,+340.4E-03
-8.2100E+00,+340.4E-03
-8.2000E+00,+318.5E-03
-8.1900E+00,+312.3E-03
-8.1800E+00,+306.0E-03
-8.1700E+00,+284.1E-03
-8.1600E+00,+268.5E-03
-8.1500E+00,+252.9E-03
-8.1400E+00,+243.5E-03
-8.1300E+00,+224.8E-03
-8.1200E+00,+212.3E-03
-8.1100E+00,+199.8E-03
-8.1000E+00,+171.6E-03
-8.0900E+00,+162.2E-03
-8.0800E+00,+149.7E-03
-8.0700E+00,+131.0E-03
-8.0600E+00,+127.9E-03
-8.0500E+00,+109.1E-03
-8.0400E+00,+102.9E-03
-8.0300E+00,+93.5E-03
-8.0200E+00,+87.2E-03
-8.0100E+00,+71.6E-03
-8.0000E+00,+62.2E-03
-7.9900E+00,+59.1E-03
-7.9800E+00,+52.9E-03
-7.9700E+00,+49.7E-03
-7.9600E+00,+49.7E-03
-7.9500E+00,+49.7E-03
-7.9400E+00,+49.7E-03
-7.9300E+00,+49.7E-03
-7.9200E+00,+52.9E-03
-7.9100E+00,+56.0E-03
-7.9000E+00,+62.2E-03
-7.8900E+00,+68.5E-03
-7.8800E+00,+77.9E-03
-7.8700E+00,+90.4E-03
-7.8600E+00,+93.5E-03
-7.8500E+00,+112.2E-03
-7.8400E+00,+127.9E-03
-7.8300E+00,+131.0E-03
-7.8200E+00,+143.5E-03
-7.8100E+00,+156.0E-03
-7.8000E+00,+174.7E-03
-7.7900E+00,+199.8E-03
-7.7800E+00,+199.8E-03
-7.7700E+00,+218.5E-03
-7.7600E+00,+234.1E-03
-7.7500E+00,+256.0E-03
-7.7400E+00,+265.4E-03
-7.7300E+00,+271.6E-03
-7.7200E+00,+287.3E-03
-7.7100E+00,+296.6E-03
-7.7000E+00,+309.1E-03
-7.6900E+00,+321.6E-03
-7.6800E+00,+321.6E-03
-7.6700E+00,+340.4E-03
-7.6600E+00,+343.5E-03
-7.6500E+00,+349.8E-03
-7.6400E+00,+349.8E-03
-7.6300E+00,+356.0E-03
-7.6200E+00,+362.3E-03
-7.6100E+00,+352.9E-03
-7.6000E+00,+356.0E-03
-7.5900E+00,+352.9E-03
-7.5800E+00,+356.0E-03
-7.5700E+00,+340.4E-03
-7.5600E+00,+340.4E-03
-7.5500E+00,+327.9E-03
-7.5400E+00,+324.8E-03
-7.5300E+00,+343.5E-03
-7.5200E+00,+312.3E-03
-7.5100E+00,+296.6E-03
-7.5000E+00,+293.5E-03
-7.4900E+00,+277.9E-03
-7.4800E+00,+268.5E-03
-7.4700E+00,+256.0E-03
-7.4600E+00,+240.4E-03
-7.4500E+00,+227.9E-03
-7.4400E+00,+215.4E-03
-7.4300E+00,+202.9E-03
-7.4200E+00,+184.1E-03
-7.4100E+00,+174.7E-03
-7.4000E+00,+168.5E-03
-7.3900E+00,+146.6E-03
-7.3800E+00,+140.4E-03
-7.3700E+00,+131.0E-03
-7.3600E+00,+118.5E-03
-7.3500E+00,+102.9E-03
-7.3400E+00,+106.0E-03
-7.3300E+00,+90.4E-03
-7.3200E+00,+84.1E-03
-7.3100E+00,+84.1E-03
-7.3000E+00,+84.1E-03
-7.2900E+00,+77.9E-03
-7.2800E+00,+71.6E-03
-7.2700E+00,+71.6E-03
-7.2600E+00,+74.7E-03
-7.2500E+00,+74.7E-03
-7.2400E+00,+74.7E-03
-7.2300E+00,+84.1E-03
-7.2200E+00,+84.1E-03
-7.2100E+00,+87.2E-03
-7.2000E+00,+102.9E-03
-7.1900E+00,+109.1E-03
-7.1800E+00,+115.4E-03
-7.1700E+00,+121.6E-03
-7.1600E+00,+131.0E-03
-7.1500E+00,+137.2E-03
-7.1400E+00,+152.9E-03
-7.1300E+00,+165.4E-03
-7.1200E+00,+184.1E-03
-7.1100E+00,+190.4E-03
-7.1000E+00,+209.1E-03
-7.0900E+00,+224.8E-03
-7.0800E+00,+224.8E-03
-7.0700E+00,+237.3E-03
-7.0600E+00,+256.0E-03
-7.0500E+00,+271.6E-03
-7.0400E+00,+271.6E-03
-7.0300E+00,+290.4E-03
-7.0200E+00,+290.4E-03
-7.0100E+00,+299.8E-03
-7.0000E+00,+309.1E-03
-6.9900E+00,+315.4E-03
-6.9800E+00,+321.6E-03
-6.9700E+00,+321.6E-03
-6.9600E+00,+327.9E-03
-6.9500E+00,+337.3E-03
-6.9400E+00,+337.3E-03
-6.9300E+00,+337.3E-03
-6.9200E+00,+334.1E-03
-6.9100E+00,+327.9E-03
-6.9000E+00,+331.0E-03
-6.8900E+00,+327.9E-03
-6.8800E+00,+324.8E-03
-6.8700E+00,+318.5E-03
-6.8600E+00,+315.4E-03
-6.8500E+00,+299.8E-03
-6.8400E+00,+287.3E-03
-6.8300E+00,+293.5E-03
-6.8200E+00,+268.5E-03
-6.8100E+00,+265.4E-03
-6.8000E+00,+259.1E-03
-6.7900E+00,+243.5E-03
-6.7800E+00,+237.3E-03
-6.7700E+00,+218.5E-03
-6.7600E+00,+209.1E-03
-6.7500E+00,+196.6E-03
-6.7400E+00,+193.5E-03
-6.7300E+00,+181.0E-03
-6.7200E+00,+165.4E-03
-6.7100E+00,+162.2E-03
-6.7000E+00,+146.6E-03
-6.6900E+00,+137.2E-03
-6.6800E+00,+131.0E-03
-6.6700E+00,+127.9E-03
-6.6600E+00,+112.2E-03
-6.6500E+00,+112.2E-03
-6.6400E+00,+106.0E-03
-6.6300E+00,+99.7E-03
-6.6200E+00,+96.6E-03
-6.6100E+00,+96.6E-03
-6.6000E+00,+96.6E-03
-6.5900E+00,+96.6E-03
-6.5800E+00,+93.5E-03
-6.5700E+00,+93.5E-03
-6.5600E+00,+96.6E-03
-6.5500E+00,+106.0E-03
-6.5400E+00,+106.0E-03
-6.5300E+00,+115.4E-03
-6.5200E+00,+118.5E-03
-6.5100E+00,+121.6E-03
-6.5000E+00,+127.9E-03
-6.4900E+00,+143.5E-03
-6.4800E+00,+152.9E-03
-6.4700E+00,+156.0E-03
-6.4600E+00,+174.7E-03
-6.4500E+00,+177.9E-03
-6.4400E+00,+184.1E-03
-6.4300E+00,+209.1E-03
-6.4200E+00,+209.1E-03
-6.4100E+00,+221.6E-03
-6.4000E+00,+234.1E-03
-6.3900E+00,+237.3E-03
-6.3800E+00,+243.5E-03
-6.3700E+00,+252.9E-03
-6.3600E+00,+271.6E-03
-6.3500E+00,+277.9E-03
-6.3400E+00,+284.1E-03
-6.3300E+00,+287.3E-03
-6.3200E+00,+293.5E-03
-6.3100E+00,+299.8E-03
-6.3000E+00,+312.3E-03
-6.2900E+00,+306.0E-03
-6.2800E+00,+312.3E-03
-6.2700E+00,+318.5E-03
-6.2600E+00,+315.4E-03
-6.2500E+00,+318.5E-03
-6.2400E+00,+312.3E-03
-6.2300E+00,+315.4E-03
-6.2200E+00,+309.1E-03
-6.2100E+00,+309.1E-03
-6.2000E+00,+302.9E-03
-6.1900E+00,+296.6E-03
-6.1800E+00,+290.4E-03
-6.1700E+00,+290.4E-03
-6.1600E+00,+281.0E-03
-6.1500E+00,+271.6E-03
-6.1400E+00,+256.0E-03
-6.1300E+00,+252.9E-03
-6.1200E+00,+252.9E-03
-6.1100E+00,+237.3E-03
-6.1000E+00,+231.0E-03
-6.0900E+00,+212.3E-03
-6.0800E+00,+209.1E-03
-6.0700E+00,+193.5E-03
-6.0600E+00,+187.2E-03
-6.0500E+00,+184.1E-03
-6.0400E+00,+171.6E-03
-6.0300E+00,+162.2E-03
-6.0200E+00,+162.2E-03
-6.0100E+00,+156.0E-03
-6.0000E+00,+143.5E-03
-5.9900E+00,+134.1E-03
-5.9800E+00,+131.0E-03
-5.9700E+00,+118.5E-03
-5.9600E+00,+118.5E-03
-5.9500E+00,+118.5E-03
-5.9400E+00,+109.1E-03
-5.9300E+00,+112.2E-03
-5.9200E+00,+106.0E-03
-5.9100E+00,+109.1E-03
-5.9000E+00,+112.2E-03
-5.8900E+00,+118.5E-03
-5.8800E+00,+112.2E-03
-5.8700E+00,+121.6E-03
-5.8600E+00,+124.7E-03
-5.8500E+00,+127.9E-03
-5.8400E+00,+131.0E-03
-5.8300E+00,+140.4E-03
-5.8200E+00,+149.7E-03
-5.8100E+00,+156.0E-03
-5.8000E+00,+165.4E-03
-5.7900E+00,+168.5E-03
-5.7800E+00,+184.1E-03
-5.7700E+00,+184.1E-03
-5.7600E+00,+199.8E-03
-5.7500E+00,+202.9E-03
-5.7400E+00,+209.1E-03
-5.7300E+00,+224.8E-03
-5.7200E+00,+227.9E-03
-5.7100E+00,+243.5E-03
-5.7000E+00,+252.9E-03
-5.6900E+00,+262.3E-03
-5.6800E+00,+265.4E-03
-5.6700E+00,+262.3E-03
-5.6600E+00,+277.9E-03
-5.6500E+00,+290.4E-03
-5.6400E+00,+284.1E-03
-5.6300E+00,+293.5E-03
-5.6200E+00,+290.4E-03
-5.6100E+00,+299.8E-03
-5.6000E+00,+299.8E-03
-5.5900E+00,+302.9E-03
-5.5800E+00,+302.9E-03
-5.5700E+00,+299.8E-03
-5.5600E+00,+296.6E-03
-5.5500E+00,+296.6E-03
-5.5400E+00,+296.6E-03
-5.5300E+00,+293.5E-03
-5.5200E+00,+287.3E-03
-5.5100E+00,+284.1E-03
-5.5000E+00,+281.0E-03
-5.4900E+00,+274.8E-03
-5.4800E+00,+268.5E-03
-5.4700E+00,+259.1E-03
-5.4600E+00,+246.6E-03
-5.4500E+00,+246.6E-03
-5.4400E+00,+234.1E-03
-5.4300E+00,+231.0E-03
-5.4200E+00,+212.3E-03
-5.4100E+00,+209.1E-03
-5.4000E+00,+209.1E-03
-5.3900E+00,+193.5E-03
-5.3800E+00,+184.1E-03
-5.3700E+00,+184.1E-03
-5.3600E+00,+177.9E-03
-5.3500E+00,+162.2E-03
-5.3400E+00,+162.2E-03
-5.3300E+00,+156.0E-03
-5.3200E+00,+146.6E-03
-5.3100E+00,+143.5E-03
-5.3000E+00,+143.5E-03
-5.2900E+00,+131.0E-03
-5.2800E+00,+124.7E-03
-5.2700E+00,+137.2E-03
-5.2600E+00,+124.7E-03
-5.2500E+00,+124.7E-03
-5.2400E+00,+127.9E-03
-5.2300E+00,+127.9E-03
-5.2200E+00,+131.0E-03
-5.2100E+00,+131.0E-03
-5.2000E+00,+134.1E-03
-5.1900E+00,+143.5E-03
-5.1800E+00,+140.4E-03
-5.1700E+00,+149.7E-03
-5.1600E+00,+156.0E-03
-5.1500E+00,+159.1E-03
-5.1400E+00,+159.1E-03
-5.1300E+00,+174.7E-03
-5.1200E+00,+184.1E-03
-5.1100E+00,+184.1E-03
-5.1000E+00,+193.5E-03
-5.0900E+00,+196.6E-03
-5.0800E+00,+206.0E-03
-5.0700E+00,+212.3E-03
-5.0600E+00,+224.8E-03
-5.0500E+00,+218.5E-03
-5.0400E+00,+234.1E-03
-5.0300E+00,+243.5E-03
-5.0200E+00,+249.8E-03
-5.0100E+00,+256.0E-03
-5.0000E+00,+259.1E-03
-4.9900E+00,+268.5E-03
-4.9800E+00,+271.6E-03
-4.9700E+00,+271.6E-03
-4.9600E+00,+277.9E-03
-4.9500E+00,+287.3E-03
-4.9400E+00,+281.0E-03
-4.9300E+00,+290.4E-03
-4.9200E+00,+277.9E-03
-4.9100E+00,+287.3E-03
-4.9000E+00,+284.1E-03
-4.8900E+00,+281.0E-03
-4.8800E+00,+281.0E-03
-4.8700E+00,+281.0E-03
-4.8600E+00,+284.1E-03
-4.8500E+00,+281.0E-03
-4.8400E+00,+274.8E-03
-4.8300E+00,+268.5E-03
-4.8200E+00,+262.3E-03
-4.8100E+00,+256.0E-03
-4.8000E+00,+249.8E-03
-4.7900E+00,+246.6E-03
-4.7800E+00,+240.4E-03
-4.7700E+00,+237.3E-03
-4.7600E+00,+224.8E-03
-4.7500E+00,+215.4E-03
-4.7400E+00,+215.4E-03
-4.7300E+00,+209.1E-03
-4.7200E+00,+202.9E-03
-4.7100E+00,+193.5E-03
-4.7000E+00,+190.4E-03
-4.6900E+00,+181.0E-03
-4.6800E+00,+171.6E-03
-4.6700E+00,+168.5E-03
-4.6600E+00,+159.1E-03
-4.6500E+00,+162.2E-03
-4.6400E+00,+156.0E-03
-4.6300E+00,+149.7E-03
-4.6200E+00,+143.5E-03
-4.6100E+00,+140.4E-03
-4.6000E+00,+140.4E-03
-4.5900E+00,+140.4E-03
-4.5800E+00,+143.5E-03
-4.5700E+00,+143.5E-03
-4.5600E+00,+143.5E-03
-4.5500E+00,+146.6E-03
-4.5400E+00,+143.5E-03
-4.5300E+00,+143.5E-03
-4.5200E+00,+152.9E-03
-4.5100E+00,+149.7E-03
-4.5000E+00,+156.0E-03
-4.4900E+00,+162.2E-03
-4.4800E+00,+162.2E-03
-4.4700E+00,+168.5E-03
-4.4600E+00,+168.5E-03
-4.4500E+00,+187.2E-03
-4.4400E+00,+193.5E-03
-4.4300E+00,+196.6E-03
-4.4200E+00,+199.8E-03
-4.4100E+00,+206.0E-03
-4.4000E+00,+206.0E-03
-4.3900E+00,+218.5E-03
-4.3800E+00,+224.8E-03
-4.3700E+00,+231.0E-03
-4.3600E+00,+237.3E-03
-4.3500E+00,+246.6E-03
-4.3400E+00,+240.4E-03
-4.3300E+00,+249.8E-03
-4.3200E+00,+259.1E-03
-4.3100E+00,+262.3E-03
-4.3000E+00,+268.5E-03
-4.2900E+00,+265.4E-03
-4.2800E+00,+274.8E-03
-4.2700E+00,+271.6E-03
-4.2600E+00,+277.9E-03
-4.2500E+00,+277.9E-03
-4.2400E+00,+274.8E-03
-4.2300E+00,+281.0E-03
-4.2200E+00,+277.9E-03
-4.2100E+00,+271.6E-03
-4.2000E+00,+271.6E-03
-4.1900E+00,+271.6E-03
-4.1800E+00,+271.6E-03
-4.1700E+00,+262.3E-03
-4.1600E+00,+256.0E-03
-4.1500E+00,+262.3E-03
-4.1400E+00,+249.8E-03
-4.1300E+00,+246.6E-03
-4.1200E+00,+243.5E-03
-4.1100E+00,+243.5E-03
-4.1000E+00,+227.9E-03
-4.0900E+00,+227.9E-03
-4.0800E+00,+215.4E-03
-4.0700E+00,+212.3E-03
-4.0600E+00,+209.1E-03
-4.0500E+00,+206.0E-03
-4.0400E+00,+199.8E-03
-4.0300E+00,+193.5E-03
-4.0200E+00,+187.2E-03
-4.0100E+00,+181.0E-03
-4.0000E+00,+171.6E-03
-3.9900E+00,+165.4E-03
-3.9800E+00,+165.4E-03
-3.9700E+00,+168.5E-03
-3.9600E+00,+165.4E-03
-3.9500E+00,+156.0E-03
-3.9400E+00,+156.0E-03
-3.9300E+00,+156.0E-03
-3.9200E+00,+156.0E-03
-3.9100E+00,+156.0E-03
-3.9000E+00,+146.6E-03
-3.8900E+00,+152.9E-03
-3.8800E+00,+152.9E-03
-3.8700E+00,+149.7E-03
-3.8600E+00,+152.9E-03
-3.8500E+00,+162.2E-03
-3.8400E+00,+159.1E-03
-3.8300E+00,+165.4E-03
-3.8200E+00,+171.6E-03
-3.8100E+00,+174.7E-03
-3.8000E+00,+184.1E-03
-3.7900E+00,+181.0E-03
-3.7800E+00,+187.2E-03
-3.7700E+00,+193.5E-03
-3.7600E+00,+193.5E-03
-3.7500E+00,+202.9E-03
-3.7400E+00,+209.1E-03
-3.7300E+00,+215.4E-03
-3.7200E+00,+215.4E-03
-3.7100E+00,+221.6E-03
-3.7000E+00,+234.1E-03
-3.6900E+00,+234.1E-03
-3.6800E+00,+237.3E-03
-3.6700E+00,+240.4E-03
-3.6600E+00,+246.6E-03
-3.6500E+00,+249.8E-03
-3.6400E+00,+249.8E-03
-3.6300E+00,+252.9E-03
-3.6200E+00,+259.1E-03
-3.6100E+00,+262.3E-03
-3.6000E+00,+259.1E-03
-3.5900E+00,+265.4E-03
-3.5800E+00,+259.1E-03
-3.5700E+00,+259.1E-03
-3.5600E+00,+262.3E-03
-3.5500E+00,+262.3E-03
-3.5400E+00,+265.4E-03
-3.5300E+00,+262.3E-03
-3.5200E+00,+259.1E-03
-3.5100E+00,+259.1E-03
-3.5000E+00,+249.8E-03
-3.4900E+00,+252.9E-03
-3.4800E+00,+246.6E-03
-3.4700E+00,+246.6E-03
-3.4600E+00,+243.5E-03
-3.4500E+00,+240.4E-03
-3.4400E+00,+231.0E-03
-3.4300E+00,+231.0E-03
-3.4200E+00,+221.6E-03
-3.4100E+00,+215.4E-03
-3.4000E+00,+218.5E-03
-3.3900E+00,+215.4E-03
-3.3800E+00,+202.9E-03
-3.3700E+00,+202.9E-03
-3.3600E+00,+196.6E-03
-3.3500E+00,+190.4E-03
-3.3400E+00,+184.1E-03
-3.3300E+00,+184.1E-03
-3.3200E+00,+184.1E-03
-3.3100E+00,+177.9E-03
-3.3000E+00,+174.7E-03
-3.2900E+00,+165.4E-03
-3.2800E+00,+171.6E-03
-3.2700E+00,+171.6E-03
-3.2600E+00,+159.1E-03
-3.2500E+00,+162.2E-03
-3.2400E+00,+162.2E-03
-3.2300E+00,+165.4E-03
-3.2200E+00,+168.5E-03
-3.2100E+00,+162.2E-03
-3.2000E+00,+162.2E-03
-3.1900E+00,+171.6E-03
-3.1800E+00,+165.4E-03
-3.1700E+00,+162.2E-03
-3.1600E+00,+174.7E-03
-3.1500E+00,+184.1E-03
-3.1400E+00,+184.1E-03
-3.1300E+00,+184.1E-03
-3.1200E+00,+184.1E-03
-3.1100E+00,+190.4E-03
-3.1000E+00,+199.8E-03
-3.0900E+00,+193.5E-03
-3.0800E+00,+202.9E-03
-3.0700E+00,+206.0E-03
-3.0600E+00,+209.1E-03
-3.0500E+00,+224.8E-03
-3.0400E+00,+218.5E-03
-3.0300E+00,+224.8E-03
-3.0200E+00,+227.9E-03
-3.0100E+00,+231.0E-03
-3.0000E+00,+240.4E-03
-2.9900E+00,+240.4E-03
-2.9800E+00,+243.5E-03
-2.9700E+00,+249.8E-03
-2.9600E+00,+256.0E-03
-2.9500E+00,+249.8E-03
-2.9400E+00,+252.9E-03
-2.9300E+00,+243.5E-03
-2.9200E+00,+252.9E-03
-2.9100E+00,+259.1E-03
-2.9000E+00,+256.0E-03
-2.8900E+00,+252.9E-03
-2.8800E+00,+252.9E-03
-2.8700E+00,+252.9E-03
-2.8600E+00,+249.8E-03
-2.8500E+00,+249.8E-03
-2.8400E+00,+256.0E-03
-2.8300E+00,+243.5E-03
-2.8200E+00,+240.4E-03
-2.8100E+00,+240.4E-03
-2.8000E+00,+240.4E-03
-2.7900E+00,+234.1E-03
-2.7800E+00,+231.0E-03
-2.7700E+00,+234.1E-03
-2.7600E+00,+224.8E-03
-2.7500E+00,+227.9E-03
-2.7400E+00,+212.3E-03
-2.7300E+00,+209.1E-03
-2.7200E+00,+212.3E-03
-2.7100E+00,+206.0E-03
-2.7000E+00,+202.9E-03
-2.6900E+00,+196.6E-03
-2.6800E+00,+193.5E-03
-2.6700E+00,+187.2E-03
-2.6600E+00,+190.4E-03
-2.6500E+00,+181.0E-03
-2.6400E+00,+184.1E-03
-2.6300E+00,+184.1E-03
-2.6200E+00,+177.9E-03
-2.6100E+00,+177.9E-03
-2.6000E+00,+174.7E-03
-2.5900E+00,+174.7E-03
-2.5800E+00,+171.6E-03
-2.5700E+00,+168.5E-03
-2.5600E+00,+174.7E-03
-2.5500E+00,+171.6E-03
-2.5400E+00,+177.9E-03
-2.5300E+00,+174.7E-03
-2.5200E+00,+177.9E-03
-2.5100E+00,+177.9E-03
-2.5000E+00,+187.2E-03
-2.4900E+00,+184.1E-03
-2.4800E+00,+181.0E-03
-2.4700E+00,+193.5E-03
-2.4600E+00,+187.2E-03
-2.4500E+00,+193.5E-03
-2.4400E+00,+193.5E-03
-2.4300E+00,+199.8E-03
-2.4200E+00,+202.9E-03
-2.4100E+00,+202.9E-03
-2.4000E+00,+212.3E-03
-2.3900E+00,+215.4E-03
-2.3800E+00,+212.3E-03
-2.3700E+00,+224.8E-03
-2.3600E+00,+227.9E-03
-2.3500E+00,+224.8E-03
-2.3400E+00,+231.0E-03
-2.3300E+00,+231.0E-03
-2.3200E+00,+234.1E-03
-2.3100E+00,+237.3E-03
-2.3000E+00,+243.5E-03
-2.2900E+00,+246.6E-03
-2.2800E+00,+237.3E-03
-2.2700E+00,+240.4E-03
-2.2600E+00,+246.6E-03
-2.2500E+00,+246.6E-03
-2.2400E+00,+249.8E-03
-2.2300E+00,+246.6E-03
-2.2200E+00,+243.5E-03
-2.2100E+00,+240.4E-03
-2.2000E+00,+240.4E-03
-2.1900E+00,+243.5E-03
-2.1800E+00,+243.5E-03
-2.1700E+00,+240.4E-03
-2.1600E+00,+237.3E-03
-2.1500E+00,+237.3E-03
-2.1400E+00,+234.1E-03
-2.1300E+00,+234.1E-03
-2.1200E+00,+224.8E-03
-2.1100E+00,+234.1E-03
-2.1000E+00,+221.6E-03
-2.0900E+00,+218.5E-03
-2.0800E+00,+221.6E-03
-2.0700E+00,+249.8E-03
-2.0600E+00,+209.1E-03
-2.0500E+00,+209.1E-03
-2.0400E+00,+206.0E-03
-2.0300E+00,+202.9E-03
-2.0200E+00,+196.6E-03
-2.0100E+00,+196.6E-03
-2.0000E+00,+193.5E-03
-1.9900E+00,+196.6E-03
-1.9800E+00,+187.2E-03
-1.9700E+00,+193.5E-03
-1.9600E+00,+190.4E-03
-1.9500E+00,+181.0E-03
-1.9400E+00,+181.0E-03
-1.9300E+00,+181.0E-03
-1.9200E+00,+181.0E-03
-1.9100E+00,+181.0E-03
-1.9000E+00,+181.0E-03
-1.8900E+00,+181.0E-03
-1.8800E+00,+181.0E-03
-1.8700E+00,+181.0E-03
-1.8600E+00,+184.1E-03
-1.8500E+00,+190.4E-03
-1.8400E+00,+181.0E-03
-1.8300E+00,+190.4E-03
-1.8200E+00,+187.2E-03
-1.8100E+00,+193.5E-03
-1.8000E+00,+196.6E-03
-1.7900E+00,+199.8E-03
-1.7800E+00,+199.8E-03
-1.7700E+00,+206.0E-03
-1.7600E+00,+209.1E-03
-1.7500E+00,+202.9E-03
-1.7400E+00,+209.1E-03
-1.7300E+00,+206.0E-03
-1.7200E+00,+215.4E-03
-1.7100E+00,+215.4E-03
-1.7000E+00,+221.6E-03
-1.6900E+00,+215.4E-03
-1.6800E+00,+224.8E-03
-1.6700E+00,+224.8E-03
-1.6600E+00,+224.8E-03
-1.6500E+00,+231.0E-03
-1.6400E+00,+234.1E-03
-1.6300E+00,+234.1E-03
-1.6200E+00,+231.0E-03
-1.6100E+00,+243.5E-03
-1.6000E+00,+240.4E-03
-1.5900E+00,+237.3E-03
-1.5800E+00,+237.3E-03
-1.5700E+00,+243.5E-03
-1.5600E+00,+240.4E-03
-1.5500E+00,+234.1E-03
-1.5400E+00,+237.3E-03
-1.5300E+00,+231.0E-03
-1.5200E+00,+237.3E-03
-1.5100E+00,+234.1E-03
-1.5000E+00,+237.3E-03
-1.4900E+00,+231.0E-03
-1.4800E+00,+227.9E-03
-1.4700E+00,+224.8E-03
-1.4600E+00,+221.6E-03
-1.4500E+00,+224.8E-03
-1.4400E+00,+224.8E-03
-1.4300E+00,+218.5E-03
-1.4200E+00,+215.4E-03
-1.4100E+00,+215.4E-03
-1.4000E+00,+215.4E-03
-1.3900E+00,+212.3E-03
-1.3800E+00,+209.1E-03
-1.3700E+00,+209.1E-03
-1.3600E+00,+206.0E-03
-1.3500E+00,+196.6E-03
-1.3400E+00,+196.6E-03
-1.3300E+00,+196.6E-03
-1.3200E+00,+199.8E-03
-1.3100E+00,+199.8E-03
-1.3000E+00,+193.5E-03
-1.2900E+00,+190.4E-03
-1.2800E+00,+190.4E-03
-1.2700E+00,+190.4E-03
-1.2600E+00,+190.4E-03
-1.2500E+00,+187.2E-03
-1.2400E+00,+187.2E-03
-1.2300E+00,+187.2E-03
-1.2200E+00,+187.2E-03
-1.2100E+00,+190.4E-03
-1.2000E+00,+190.4E-03
-1.1900E+00,+190.4E-03
-1.1800E+00,+199.8E-03
-1.1700E+00,+199.8E-03
-1.1600E+00,+196.6E-03
-1.1500E+00,+190.4E-03
-1.1400E+00,+196.6E-03
-1.1300E+00,+196.6E-03
-1.1200E+00,+199.8E-03
-1.1100E+00,+209.1E-03
-1.1000E+00,+206.0E-03
-1.0900E+00,+212.3E-03
-1.0800E+00,+206.0E-03
-1.0700E+00,+212.3E-03
-1.0600E+00,+206.0E-03
-1.0500E+00,+212.3E-03
-1.0400E+00,+218.5E-03
-1.0300E+00,+224.8E-03
-1.0200E+00,+221.6E-03
-1.0100E+00,+218.5E-03
-1.0000E+00,+224.8E-03
-990.0E-03,+218.5E-03
-980.0E-03,+221.6E-03
-970.0E-03,+215.4E-03
-960.0E-03,+231.0E-03
-950.0E-03,+227.9E-03
-940.0E-03,+234.1E-03
-930.0E-03,+234.1E-03
-920.0E-03,+227.9E-03
-910.0E-03,+231.0E-03
-900.0E-03,+231.0E-03
-890.0E-03,+218.5E-03
-880.0E-03,+231.0E-03
-870.0E-03,+227.9E-03
-860.0E-03,+227.9E-03
-850.0E-03,+231.0E-03
-840.0E-03,+227.9E-03
-830.0E-03,+224.8E-03
-820.0E-03,+224.8E-03
-810.0E-03,+218.5E-03
-800.0E-03,+227.9E-03
-790.0E-03,+218.5E-03
-780.0E-03,+224.8E-03
-770.0E-03,+218.5E-03
-760.0E-03,+212.3E-03
-750.0E-03,+212.3E-03
-740.0E-03,+218.5E-03
-730.0E-03,+212.3E-03
-720.0E-03,+206.0E-03
-710.0E-03,+209.1E-03
-700.0E-03,+209.1E-03
-690.0E-03,+202.9E-03
-680.0E-03,+206.0E-03
-670.0E-03,+199.8E-03
-660.0E-03,+202.9E-03
-650.0E-03,+199.8E-03
-640.0E-03,+196.6E-03
-630.0E-03,+199.8E-03
-620.0E-03,+196.6E-03
-610.0E-03,+196.6E-03
-600.0E-03,+199.8E-03
-590.0E-03,+196.6E-03
-580.0E-03,+199.8E-03
-570.0E-03,+196.6E-03
-560.0E-03,+196.6E-03
-550.0E-03,+193.5E-03
-540.0E-03,+196.6E-03
-530.0E-03,+193.5E-03
-520.0E-03,+199.8E-03
-510.0E-03,+199.8E-03
-500.0E-03,+196.6E-03
-490.0E-03,+199.8E-03
-480.0E-03,+206.0E-03
-470.0E-03,+202.9E-03
-460.0E-03,+206.0E-03
-450.0E-03,+202.9E-03
-440.0E-03,+206.0E-03
-430.0E-03,+206.0E-03
-420.0E-03,+209.1E-03
-410.0E-03,+209.1E-03
-400.0E-03,+209.1E-03
-390.0E-03,+209.1E-03
-380.0E-03,+209.1E-03
-370.0E-03,+215.4E-03
-360.0E-03,+221.6E-03
-350.0E-03,+218.5E-03
-340.0E-03,+224.8E-03
-330.0E-03,+221.6E-03
-320.0E-03,+224.8E-03
-310.0E-03,+221.6E-03
-300.0E-03,+221.6E-03
-290.0E-03,+218.5E-03
-280.0E-03,+221.6E-03
-270.0E-03,+224.8E-03
-260.0E-03,+218.5E-03
-250.0E-03,+224.8E-03
-240.0E-03,+224.8E-03
-230.0E-03,+224.8E-03
-220.0E-03,+221.6E-03
-210.0E-03,+224.8E-03
-200.0E-03,+221.6E-03
-190.0E-03,+221.6E-03
-180.0E-03,+221.6E-03
-170.0E-03,+218.5E-03
-160.0E-03,+218.5E-03
-150.0E-03,+221.6E-03
-140.0E-03,+221.6E-03
-130.0E-03,+218.5E-03
-120.0E-03,+218.5E-03
-110.0E-03,+215.4E-03
-100.0E-03,+215.4E-03
-90.0E-03,+215.4E-03
-80.0E-03,+209.1E-03
-70.0E-03,+212.3E-03
-60.0E-03,+209.1E-03
-50.0E-03,+215.4E-03
-40.0E-03,+209.1E-03
-30.0E-03,+206.0E-03
-20.0E-03,+212.3E-03
-10.0E-03,+209.1E-03
+0.0E+00,+206.0E-03
+10E-03,+206.0E-03
+20.0E-03,+199.8E-03
+30.0E-03,+206.0E-03
+40.0E-03,+206.0E-03
+50.0E-03,+202.9E-03
+60.0E-03,+206.0E-03
+70.0E-03,+196.6E-03
+80.0E-03,+199.8E-03
+90.0E-03,+202.9E-03
+100E-03,+206.0E-03
+110.0E-03,+202.9E-03
+120.0E-03,+206.0E-03
+130.0E-03,+199.8E-03
+140.0E-03,+202.9E-03
+150.0E-03,+199.8E-03
+160.0E-03,+209.1E-03
+170.0E-03,+202.9E-03
+180.0E-03,+202.9E-03
+190.0E-03,+209.1E-03
+200.0E-03,+209.1E-03
+210.0E-03,+202.9E-03
+220.0E-03,+209.1E-03
+230.0E-03,+212.3E-03
+240.0E-03,+209.1E-03
+250.0E-03,+209.1E-03
+260.0E-03,+212.3E-03
+270.0E-03,+212.3E-03
+280.0E-03,+215.4E-03
+290.0E-03,+215.4E-03
+300.0E-03,+215.4E-03
+310.0E-03,+212.3E-03
+320.0E-03,+212.3E-03
+330.0E-03,+221.6E-03
+340.0E-03,+218.5E-03
+350.0E-03,+224.8E-03
+360.0E-03,+218.5E-03
+370.0E-03,+218.5E-03
+380.0E-03,+224.8E-03
+390.0E-03,+218.5E-03
+400.0E-03,+215.4E-03
+410.0E-03,+221.6E-03
+420.0E-03,+218.5E-03
+430.0E-03,+221.6E-03
+440.0E-03,+221.6E-03
+450.0E-03,+221.6E-03
+460.0E-03,+221.6E-03
+470.0E-03,+218.5E-03
+480.0E-03,+218.5E-03
+490.0E-03,+215.4E-03
+500.0E-03,+218.5E-03
+510.0E-03,+209.1E-03
+520.0E-03,+215.4E-03
+530.0E-03,+215.4E-03
+540.0E-03,+215.4E-03
+550.0E-03,+212.3E-03
+560.0E-03,+215.4E-03
+570.0E-03,+212.3E-03
+580.0E-03,+212.3E-03
+590.0E-03,+215.4E-03
+600.0E-03,+212.3E-03
+610.0E-03,+209.1E-03
+620.0E-03,+212.3E-03
+630.0E-03,+212.3E-03
+640.0E-03,+206.0E-03
+650.0E-03,+212.3E-03
+660.0E-03,+209.1E-03
+670.0E-03,+209.1E-03
+680.0E-03,+209.1E-03
+690.0E-03,+206.0E-03
+700.0E-03,+209.1E-03
+710.0E-03,+206.0E-03
+720.0E-03,+206.0E-03
+730.0E-03,+206.0E-03
+740.0E-03,+209.1E-03
+750.0E-03,+209.1E-03
+760.0E-03,+209.1E-03
+770.0E-03,+212.3E-03
+780.0E-03,+209.1E-03
+790.0E-03,+209.1E-03
+800.0E-03,+206.0E-03
+810.0E-03,+206.0E-03
+820.0E-03,+206.0E-03
+830.0E-03,+206.0E-03
+840.0E-03,+206.0E-03
+850.0E-03,+212.3E-03
+860.0E-03,+212.3E-03
+870.0E-03,+209.1E-03
+880.0E-03,+212.3E-03
+890.0E-03,+212.3E-03
+900.0E-03,+209.1E-03
+910.0E-03,+206.0E-03
+920.0E-03,+209.1E-03
+930.0E-03,+215.4E-03
+940.0E-03,+209.1E-03
+950.0E-03,+215.4E-03
+960.0E-03,+215.4E-03
+970.0E-03,+212.3E-03
+980.0E-03,+215.4E-03
+990.0E-03,+212.3E-03
+1.000E+00,+218.5E-03
+1.0100E+00,+240.4E-03
+1.0200E+00,+218.5E-03
+1.0300E+00,+212.3E-03
+1.0400E+00,+221.6E-03
+1.0500E+00,+212.3E-03
+1.0600E+00,+218.5E-03
+1.0700E+00,+212.3E-03
+1.0800E+00,+215.4E-03
+1.0900E+00,+215.4E-03
+1.1000E+00,+221.6E-03
+1.1100E+00,+215.4E-03
+1.1200E+00,+218.5E-03
+1.1300E+00,+212.3E-03
+1.1400E+00,+212.3E-03
+1.1500E+00,+209.1E-03
+1.1600E+00,+218.5E-03
+1.1700E+00,+212.3E-03
+1.1800E+00,+212.3E-03
+1.1900E+00,+215.4E-03
+1.2000E+00,+218.5E-03
+1.2100E+00,+215.4E-03
+1.2200E+00,+215.4E-03
+1.2300E+00,+212.3E-03
+1.2400E+00,+215.4E-03
+1.2500E+00,+215.4E-03
+1.2600E+00,+212.3E-03
+1.2700E+00,+212.3E-03
+1.2800E+00,+212.3E-03
+1.2900E+00,+212.3E-03
+1.3000E+00,+212.3E-03
+1.3100E+00,+209.1E-03
+1.3200E+00,+212.3E-03
+1.3300E+00,+212.3E-03
+1.3400E+00,+212.3E-03
+1.3500E+00,+209.1E-03
+1.3600E+00,+212.3E-03
+1.3700E+00,+206.0E-03
+1.3800E+00,+212.3E-03
+1.3900E+00,+212.3E-03
+1.4000E+00,+212.3E-03
+1.4100E+00,+215.4E-03
+1.4200E+00,+212.3E-03
+1.4300E+00,+212.3E-03
+1.4400E+00,+209.1E-03
+1.4500E+00,+212.3E-03
+1.4600E+00,+212.3E-03
+1.4700E+00,+212.3E-03
+1.4800E+00,+206.0E-03
+1.4900E+00,+212.3E-03
+1.5000E+00,+209.1E-03
+1.5100E+00,+209.1E-03
+1.5200E+00,+209.1E-03
+1.5300E+00,+199.8E-03
+1.5400E+00,+212.3E-03
+1.5500E+00,+209.1E-03
+1.5600E+00,+212.3E-03
+1.5700E+00,+209.1E-03
+1.5800E+00,+215.4E-03
+1.5900E+00,+212.3E-03
+1.6000E+00,+212.3E-03
+1.6100E+00,+212.3E-03
+1.6200E+00,+215.4E-03
+1.6300E+00,+209.1E-03
+1.6400E+00,+215.4E-03
+1.6500E+00,+218.5E-03
+1.6600E+00,+215.4E-03
+1.6700E+00,+215.4E-03
+1.6800E+00,+215.4E-03
+1.6900E+00,+209.1E-03
+1.7000E+00,+218.5E-03
+1.7100E+00,+209.1E-03
+1.7200E+00,+212.3E-03
+1.7300E+00,+209.1E-03
+1.7400E+00,+215.4E-03
+1.7500E+00,+212.3E-03
+1.7600E+00,+209.1E-03
+1.7700E+00,+215.4E-03
+1.7800E+00,+209.1E-03
+1.7900E+00,+209.1E-03
+1.8000E+00,+212.3E-03
+1.8100E+00,+209.1E-03
+1.8200E+00,+212.3E-03
+1.8300E+00,+209.1E-03
+1.8400E+00,+215.4E-03
+1.8500E+00,+212.3E-03
+1.8600E+00,+209.1E-03
+1.8700E+00,+212.3E-03
+1.8800E+00,+215.4E-03
+1.8900E+00,+212.3E-03
+1.9000E+00,+212.3E-03
+1.9100E+00,+212.3E-03
+1.9200E+00,+212.3E-03
+1.9300E+00,+209.1E-03
+1.9400E+00,+212.3E-03
+1.9500E+00,+212.3E-03
+1.9600E+00,+212.3E-03
+1.9700E+00,+212.3E-03
+1.9800E+00,+212.3E-03
+1.9900E+00,+212.3E-03
+2.0000E+00,+215.4E-03
+2.0100E+00,+212.3E-03
+2.0200E+00,+212.3E-03
+2.0300E+00,+218.5E-03
+2.0400E+00,+206.0E-03
+2.0500E+00,+215.4E-03
+2.0600E+00,+212.3E-03
+2.0700E+00,+209.1E-03
+2.0800E+00,+218.5E-03
+2.0900E+00,+212.3E-03
+2.1000E+00,+209.1E-03
+2.1100E+00,+215.4E-03
+2.1200E+00,+215.4E-03
+2.1300E+00,+215.4E-03
+2.1400E+00,+212.3E-03
+2.1500E+00,+212.3E-03
+2.1600E+00,+212.3E-03
+2.1700E+00,+209.1E-03
+2.1800E+00,+212.3E-03
+2.1900E+00,+209.1E-03
+2.2000E+00,+212.3E-03
+2.2100E+00,+212.3E-03
+2.2200E+00,+209.1E-03
+2.2300E+00,+212.3E-03
+2.2400E+00,+218.5E-03
+2.2500E+00,+212.3E-03
+2.2600E+00,+212.3E-03
+2.2700E+00,+212.3E-03
+2.2800E+00,+212.3E-03
+2.2900E+00,+218.5E-03
+2.3000E+00,+209.1E-03
+2.3100E+00,+212.3E-03
+2.3200E+00,+215.4E-03
+2.3300E+00,+212.3E-03
+2.3400E+00,+215.4E-03
+2.3500E+00,+209.1E-03
+2.3600E+00,+206.0E-03
+2.3700E+00,+212.3E-03
+2.3800E+00,+215.4E-03
+2.3900E+00,+209.1E-03
+2.4000E+00,+215.4E-03
+2.4100E+00,+215.4E-03
+2.4200E+00,+215.4E-03
+2.4300E+00,+206.0E-03
+2.4400E+00,+215.4E-03
+2.4500E+00,+209.1E-03
+2.4600E+00,+212.3E-03
+2.4700E+00,+218.5E-03
+2.4800E+00,+218.5E-03
+2.4900E+00,+215.4E-03
+2.5000E+00,+218.5E-03
+2.5100E+00,+209.1E-03
+2.5200E+00,+215.4E-03
+2.5300E+00,+212.3E-03
+2.5400E+00,+209.1E-03
+2.5500E+00,+218.5E-03
+2.5600E+00,+212.3E-03
+2.5700E+00,+215.4E-03
+2.5800E+00,+212.3E-03
+2.5900E+00,+212.3E-03
+2.6000E+00,+212.3E-03
+2.6100E+00,+215.4E-03
+2.6200E+00,+212.3E-03
+2.6300E+00,+215.4E-03
+2.6400E+00,+215.4E-03
+2.6500E+00,+206.0E-03
+2.6600E+00,+206.0E-03
+2.6700E+00,+212.3E-03
+2.6800E+00,+218.5E-03
+2.6900E+00,+212.3E-03
+2.7000E+00,+212.3E-03
+2.7100E+00,+212.3E-03
+2.7200E+00,+215.4E-03
+2.7300E+00,+215.4E-03
+2.7400E+00,+212.3E-03
+2.7500E+00,+209.1E-03
+2.7600E+00,+212.3E-03
+2.7700E+00,+215.4E-03
+2.7800E+00,+206.0E-03
+2.7900E+00,+209.1E-03
+2.8000E+00,+212.3E-03
+2.8100E+00,+215.4E-03
+2.8200E+00,+215.4E-03
+2.8300E+00,+212.3E-03
+2.8400E+00,+212.3E-03
+2.8500E+00,+212.3E-03
+2.8600E+00,+212.3E-03
+2.8700E+00,+212.3E-03
+2.8800E+00,+212.3E-03
+2.8900E+00,+209.1E-03
+2.9000E+00,+212.3E-03
+2.9100E+00,+212.3E-03
+2.9200E+00,+212.3E-03
+2.9300E+00,+215.4E-03
+2.9400E+00,+209.1E-03
+2.9500E+00,+212.3E-03
+2.9600E+00,+209.1E-03
+2.9700E+00,+215.4E-03
+2.9800E+00,+212.3E-03
+2.9900E+00,+212.3E-03
+3.0000E+00,+209.1E-03
+3.0100E+00,+212.3E-03
+3.0200E+00,+209.1E-03
+3.0300E+00,+212.3E-03
+3.0400E+00,+209.1E-03
+3.0500E+00,+215.4E-03
+3.0600E+00,+215.4E-03
+3.0700E+00,+212.3E-03
+3.0800E+00,+209.1E-03
+3.0900E+00,+212.3E-03
+3.1000E+00,+215.4E-03
+3.1100E+00,+212.3E-03
+3.1200E+00,+212.3E-03
+3.1300E+00,+209.1E-03
+3.1400E+00,+209.1E-03
+3.1500E+00,+215.4E-03
+3.1600E+00,+212.3E-03
+3.1700E+00,+212.3E-03
+3.1800E+00,+212.3E-03
+3.1900E+00,+209.1E-03
+3.2000E+00,+215.4E-03
+3.2100E+00,+218.5E-03
+3.2200E+00,+215.4E-03
+3.2300E+00,+212.3E-03
+3.2400E+00,+206.0E-03
+3.2500E+00,+212.3E-03
+3.2600E+00,+212.3E-03
+3.2700E+00,+215.4E-03
+3.2800E+00,+212.3E-03
+3.2900E+00,+206.0E-03
+3.3000E+00,+212.3E-03
+3.3100E+00,+215.4E-03
+3.3200E+00,+221.6E-03
+3.3300E+00,+209.1E-03
+3.3400E+00,+206.0E-03
+3.3500E+00,+212.3E-03
+3.3600E+00,+212.3E-03
+3.3700E+00,+215.4E-03
+3.3800E+00,+212.3E-03
+3.3900E+00,+209.1E-03
+3.4000E+00,+218.5E-03
+3.4100E+00,+215.4E-03
+3.4200E+00,+215.4E-03
+3.4300E+00,+212.3E-03
+3.4400E+00,+215.4E-03
+3.4500E+00,+206.0E-03
+3.4600E+00,+206.0E-03
+3.4700E+00,+215.4E-03
+3.4800E+00,+215.4E-03
+3.4900E+00,+209.1E-03
+3.5000E+00,+209.1E-03
+3.5100E+00,+215.4E-03
+3.5200E+00,+206.0E-03
+3.5300E+00,+215.4E-03
+3.5400E+00,+212.3E-03
+3.5500E+00,+215.4E-03
+3.5600E+00,+218.5E-03
+3.5700E+00,+218.5E-03
+3.5800E+00,+212.3E-03
+3.5900E+00,+212.3E-03
+3.6000E+00,+212.3E-03
+3.6100E+00,+212.3E-03
+3.6200E+00,+209.1E-03
+3.6300E+00,+206.0E-03
+3.6400E+00,+212.3E-03
+3.6500E+00,+209.1E-03
+3.6600E+00,+212.3E-03
+3.6700E+00,+215.4E-03
+3.6800E+00,+215.4E-03
+3.6900E+00,+215.4E-03
+3.7000E+00,+202.9E-03
+3.7100E+00,+212.3E-03
+3.7200E+00,+221.6E-03
+3.7300E+00,+215.4E-03
+3.7400E+00,+215.4E-03
+3.7500E+00,+212.3E-03
+3.7600E+00,+218.5E-03
+3.7700E+00,+212.3E-03
+3.7800E+00,+215.4E-03
+3.7900E+00,+209.1E-03
+3.8000E+00,+215.4E-03
+3.8100E+00,+215.4E-03
+3.8200E+00,+212.3E-03
+3.8300E+00,+209.1E-03
+3.8400E+00,+209.1E-03
+3.8500E+00,+209.1E-03
+3.8600E+00,+215.4E-03
+3.8700E+00,+209.1E-03
+3.8800E+00,+215.4E-03
+3.8900E+00,+212.3E-03
+3.9000E+00,+209.1E-03
+3.9100E+00,+215.4E-03
+3.9200E+00,+212.3E-03
+3.9300E+00,+215.4E-03
+3.9400E+00,+209.1E-03
+3.9500E+00,+212.3E-03
+3.9600E+00,+215.4E-03
+3.9700E+00,+209.1E-03
+3.9800E+00,+209.1E-03
+3.9900E+00,+212.3E-03
+4.0000E+00,+209.1E-03
+4.0100E+00,+212.3E-03
+4.0200E+00,+212.3E-03
+4.0300E+00,+206.0E-03
+4.0400E+00,+212.3E-03
+4.0500E+00,+212.3E-03
+4.0600E+00,+209.1E-03
+4.0700E+00,+212.3E-03
+4.0800E+00,+215.4E-03
+4.0900E+00,+212.3E-03
+4.1000E+00,+209.1E-03
+4.1100E+00,+212.3E-03
+4.1200E+00,+215.4E-03
+4.1300E+00,+209.1E-03
+4.1400E+00,+215.4E-03
+4.1500E+00,+212.3E-03
+4.1600E+00,+218.5E-03
+4.1700E+00,+215.4E-03
+4.1800E+00,+212.3E-03
+4.1900E+00,+209.1E-03
+4.2000E+00,+212.3E-03
+4.2100E+00,+215.4E-03
+4.2200E+00,+212.3E-03
+4.2300E+00,+206.0E-03
+4.2400E+00,+215.4E-03
+4.2500E+00,+212.3E-03
+4.2600E+00,+212.3E-03
+4.2700E+00,+218.5E-03
+4.2800E+00,+218.5E-03
+4.2900E+00,+212.3E-03
+4.3000E+00,+212.3E-03
+4.3100E+00,+215.4E-03
+4.3200E+00,+215.4E-03
+4.3300E+00,+212.3E-03
+4.3400E+00,+209.1E-03
+4.3500E+00,+215.4E-03
+4.3600E+00,+212.3E-03
+4.3700E+00,+212.3E-03
+4.3800E+00,+209.1E-03
+4.3900E+00,+212.3E-03
+4.4000E+00,+209.1E-03
+4.4100E+00,+212.3E-03
+4.4200E+00,+206.0E-03
+4.4300E+00,+206.0E-03
+4.4400E+00,+209.1E-03
+4.4500E+00,+215.4E-03
+4.4600E+00,+215.4E-03
+4.4700E+00,+212.3E-03
+4.4800E+00,+215.4E-03
+4.4900E+00,+206.0E-03
+4.5000E+00,+212.3E-03
+4.5100E+00,+212.3E-03
+4.5200E+00,+212.3E-03
+4.5300E+00,+209.1E-03
+4.5400E+00,+212.3E-03
+4.5500E+00,+209.1E-03
+4.5600E+00,+209.1E-03
+4.5700E+00,+212.3E-03
+4.5800E+00,+215.4E-03
+4.5900E+00,+212.3E-03
+4.6000E+00,+206.0E-03
+4.6100E+00,+215.4E-03
+4.6200E+00,+215.4E-03
+4.6300E+00,+212.3E-03
+4.6400E+00,+215.4E-03
+4.6500E+00,+215.4E-03
+4.6600E+00,+212.3E-03
+4.6700E+00,+212.3E-03
+4.6800E+00,+215.4E-03
+4.6900E+00,+215.4E-03
+4.7000E+00,+212.3E-03
+4.7100E+00,+212.3E-03
+4.7200E+00,+218.5E-03
+4.7300E+00,+218.5E-03
+4.7400E+00,+209.1E-03
+4.7500E+00,+212.3E-03
+4.7600E+00,+212.3E-03
+4.7700E+00,+215.4E-03
+4.7800E+00,+218.5E-03
+4.7900E+00,+215.4E-03
+4.8000E+00,+218.5E-03
+4.8100E+00,+218.5E-03
+4.8200E+00,+215.4E-03
+4.8300E+00,+212.3E-03
+4.8400E+00,+215.4E-03
+4.8500E+00,+215.4E-03
+4.8600E+00,+212.3E-03
+4.8700E+00,+215.4E-03
+4.8800E+00,+212.3E-03
+4.8900E+00,+215.4E-03
+4.9000E+00,+215.4E-03
+4.9100E+00,+215.4E-03
+4.9200E+00,+209.1E-03
+4.9300E+00,+212.3E-03
+4.9400E+00,+212.3E-03
+4.9500E+00,+209.1E-03
+4.9600E+00,+206.0E-03
+4.9700E+00,+212.3E-03
+4.9800E+00,+206.0E-03
+4.9900E+00,+209.1E-03
+5.0000E+00,+209.1E-03
+5.0100E+00,+212.3E-03
+5.0200E+00,+215.4E-03
+5.0300E+00,+212.3E-03
+5.0400E+00,+212.3E-03
+5.0500E+00,+212.3E-03
+5.0600E+00,+212.3E-03
+5.0700E+00,+212.3E-03
+5.0800E+00,+209.1E-03
+5.0900E+00,+212.3E-03
+5.1000E+00,+212.3E-03
+5.1100E+00,+209.1E-03
+5.1200E+00,+215.4E-03
+5.1300E+00,+212.3E-03
+5.1400E+00,+212.3E-03
+5.1500E+00,+215.4E-03
+5.1600E+00,+215.4E-03
+5.1700E+00,+209.1E-03
+5.1800E+00,+215.4E-03
+5.1900E+00,+212.3E-03
+5.2000E+00,+215.4E-03
+5.2100E+00,+212.3E-03
+5.2200E+00,+215.4E-03
+5.2300E+00,+215.4E-03
+5.2400E+00,+209.1E-03
+5.2500E+00,+209.1E-03
+5.2600E+00,+206.0E-03
+5.2700E+00,+212.3E-03
+5.2800E+00,+212.3E-03
+5.2900E+00,+215.4E-03
+5.3000E+00,+209.1E-03
+5.3100E+00,+212.3E-03
+5.3200E+00,+212.3E-03
+5.3300E+00,+215.4E-03
+5.3400E+00,+212.3E-03
+5.3500E+00,+212.3E-03
+5.3600E+00,+212.3E-03
+5.3700E+00,+215.4E-03
+5.3800E+00,+212.3E-03
+5.3900E+00,+209.1E-03
+5.4000E+00,+209.1E-03
+5.4100E+00,+215.4E-03
+5.4200E+00,+215.4E-03
+5.4300E+00,+212.3E-03
+5.4400E+00,+209.1E-03
+5.4500E+00,+209.1E-03
+5.4600E+00,+218.5E-03
+5.4700E+00,+212.3E-03
+5.4800E+00,+209.1E-03
+5.4900E+00,+215.4E-03
+5.5000E+00,+221.6E-03
+5.5100E+00,+209.1E-03
+5.5200E+00,+215.4E-03
+5.5300E+00,+212.3E-03
+5.5400E+00,+209.1E-03
+5.5500E+00,+212.3E-03
+5.5600E+00,+212.3E-03
+5.5700E+00,+218.5E-03
+5.5800E+00,+206.0E-03
+5.5900E+00,+212.3E-03
+5.6000E+00,+206.0E-03
+5.6100E+00,+212.3E-03
+5.6200E+00,+212.3E-03
+5.6300E+00,+212.3E-03
+5.6400E+00,+212.3E-03
+5.6500E+00,+212.3E-03
+5.6600E+00,+215.4E-03
+5.6700E+00,+212.3E-03
+5.6800E+00,+215.4E-03
+5.6900E+00,+209.1E-03
+5.7000E+00,+215.4E-03
+5.7100E+00,+209.1E-03
+5.7200E+00,+215.4E-03
+5.7300E+00,+212.3E-03
+5.7400E+00,+212.3E-03
+5.7500E+00,+209.1E-03
+5.7600E+00,+212.3E-03
+5.7700E+00,+209.1E-03
+5.7800E+00,+212.3E-03
+5.7900E+00,+212.3E-03
+5.8000E+00,+206.0E-03
+5.8100E+00,+212.3E-03
+5.8200E+00,+218.5E-03
+5.8300E+00,+212.3E-03
+5.8400E+00,+209.1E-03
+5.8500E+00,+215.4E-03
+5.8600E+00,+209.1E-03
+5.8700E+00,+209.1E-03
+5.8800E+00,+212.3E-03
+5.8900E+00,+206.0E-03
+5.9000E+00,+212.3E-03
+5.9100E+00,+215.4E-03
+5.9200E+00,+218.5E-03
+5.9300E+00,+206.0E-03
+5.9400E+00,+215.4E-03
+5.9500E+00,+212.3E-03
+5.9600E+00,+209.1E-03
+5.9700E+00,+215.4E-03
+5.9800E+00,+212.3E-03
+5.9900E+00,+215.4E-03
+6.0000E+00,+212.3E-03
+6.0100E+00,+206.0E-03
+6.0200E+00,+209.1E-03
+6.0300E+00,+215.4E-03
+6.0400E+00,+215.4E-03
+6.0500E+00,+215.4E-03
+6.0600E+00,+212.3E-03
+6.0700E+00,+212.3E-03
+6.0800E+00,+212.3E-03
+6.0900E+00,+212.3E-03
+6.1000E+00,+218.5E-03
+6.1100E+00,+212.3E-03
+6.1200E+00,+209.1E-03
+6.1300E+00,+212.3E-03
+6.1400E+00,+212.3E-03
+6.1500E+00,+212.3E-03
+6.1600E+00,+212.3E-03
+6.1700E+00,+215.4E-03
+6.1800E+00,+212.3E-03
+6.1900E+00,+212.3E-03
+6.2000E+00,+237.3E-03
+6.2100E+00,+212.3E-03
+6.2200E+00,+212.3E-03
+6.2300E+00,+212.3E-03
+6.2400E+00,+212.3E-03
+6.2500E+00,+209.1E-03
+6.2600E+00,+212.3E-03
+6.2700E+00,+209.1E-03
+6.2800E+00,+215.4E-03
+6.2900E+00,+212.3E-03
+6.3000E+00,+212.3E-03
+6.3100E+00,+212.3E-03
+6.3200E+00,+212.3E-03
+6.3300E+00,+209.1E-03
+6.3400E+00,+212.3E-03
+6.3500E+00,+212.3E-03
+6.3600E+00,+212.3E-03
+6.3700E+00,+209.1E-03
+6.3800E+00,+215.4E-03
+6.3900E+00,+212.3E-03
+6.4000E+00,+218.5E-03
+6.4100E+00,+212.3E-03
+6.4200E+00,+215.4E-03
+6.4300E+00,+212.3E-03
+6.4400E+00,+215.4E-03
+6.4500E+00,+215.4E-03
+6.4600E+00,+209.1E-03
+6.4700E+00,+212.3E-03
+6.4800E+00,+212.3E-03
+6.4900E+00,+206.0E-03
+6.5000E+00,+215.4E-03
+6.5100E+00,+212.3E-03
+6.5200E+00,+209.1E-03
+6.5300E+00,+209.1E-03
+6.5400E+00,+212.3E-03
+6.5500E+00,+212.3E-03
+6.5600E+00,+215.4E-03
+6.5700E+00,+215.4E-03
+6.5800E+00,+209.1E-03
+6.5900E+00,+209.1E-03
+6.6000E+00,+215.4E-03
+6.6100E+00,+218.5E-03
+6.6200E+00,+218.5E-03
+6.6300E+00,+212.3E-03
+6.6400E+00,+212.3E-03
+6.6500E+00,+215.4E-03
+6.6600E+00,+209.1E-03
+6.6700E+00,+212.3E-03
+6.6800E+00,+215.4E-03
+6.6900E+00,+212.3E-03
+6.7000E+00,+212.3E-03
+6.7100E+00,+209.1E-03
+6.7200E+00,+215.4E-03
+6.7300E+00,+212.3E-03
+6.7400E+00,+209.1E-03
+6.7500E+00,+212.3E-03
+6.7600E+00,+218.5E-03
+6.7700E+00,+212.3E-03
+6.7800E+00,+209.1E-03
+6.7900E+00,+209.1E-03
+6.8000E+00,+212.3E-03
+6.8100E+00,+212.3E-03
+6.8200E+00,+209.1E-03
+6.8300E+00,+212.3E-03
+6.8400E+00,+212.3E-03
+6.8500E+00,+215.4E-03
+6.8600E+00,+218.5E-03
+6.8700E+00,+215.4E-03
+6.8800E+00,+212.3E-03
+6.8900E+00,+212.3E-03
+6.9000E+00,+209.1E-03
+6.9100E+00,+212.3E-03
+6.9200E+00,+212.3E-03
+6.9300E+00,+212.3E-03
+6.9400E+00,+218.5E-03
+6.9500E+00,+218.5E-03
+6.9600E+00,+215.4E-03
+6.9700E+00,+215.4E-03
+6.9800E+00,+215.4E-03
+6.9900E+00,+212.3E-03
+7.0000E+00,+212.3E-03
+7.0100E+00,+215.4E-03
+7.0200E+00,+215.4E-03
+7.0300E+00,+209.1E-03
+7.0400E+00,+206.0E-03
+7.0500E+00,+212.3E-03
+7.0600E+00,+212.3E-03
+7.0700E+00,+212.3E-03
+7.0800E+00,+212.3E-03
+7.0900E+00,+209.1E-03
+7.1000E+00,+212.3E-03
+7.1100E+00,+212.3E-03
+7.1200E+00,+212.3E-03
+7.1300E+00,+212.3E-03
+7.1400E+00,+212.3E-03
+7.1500E+00,+215.4E-03
+7.1600E+00,+215.4E-03
+7.1700E+00,+215.4E-03
+7.1800E+00,+215.4E-03
+7.1900E+00,+212.3E-03
+7.2000E+00,+206.0E-03
+7.2100E+00,+209.1E-03
+7.2200E+00,+212.3E-03
+7.2300E+00,+209.1E-03
+7.2400E+00,+215.4E-03
+7.2500E+00,+212.3E-03
+7.2600E+00,+212.3E-03
+7.2700E+00,+206.0E-03
+7.2800E+00,+215.4E-03
+7.2900E+00,+212.3E-03
+7.3000E+00,+209.1E-03
+7.3100E+00,+209.1E-03
+7.3200E+00,+212.3E-03
+7.3300E+00,+212.3E-03
+7.3400E+00,+215.4E-03
+7.3500E+00,+212.3E-03
+7.3600E+00,+212.3E-03
+7.3700E+00,+212.3E-03
+7.3800E+00,+212.3E-03
+7.3900E+00,+206.0E-03
+7.4000E+00,+212.3E-03
+7.4100E+00,+212.3E-03
+7.4200E+00,+215.4E-03
+7.4300E+00,+212.3E-03
+7.4400E+00,+209.1E-03
+7.4500E+00,+209.1E-03
+7.4600E+00,+206.0E-03
+7.4700E+00,+215.4E-03
+7.4800E+00,+206.0E-03
+7.4900E+00,+215.4E-03
+7.5000E+00,+212.3E-03
+7.5100E+00,+209.1E-03
+7.5200E+00,+212.3E-03
+7.5300E+00,+206.0E-03
+7.5400E+00,+212.3E-03
+7.5500E+00,+215.4E-03
+7.5600E+00,+215.4E-03
+7.5700E+00,+212.3E-03
+7.5800E+00,+215.4E-03
+7.5900E+00,+215.4E-03
+7.6000E+00,+212.3E-03
+7.6100E+00,+212.3E-03
+7.6200E+00,+206.0E-03
+7.6300E+00,+212.3E-03
+7.6400E+00,+209.1E-03
+7.6500E+00,+209.1E-03
+7.6600E+00,+206.0E-03
+7.6700E+00,+206.0E-03
+7.6800E+00,+206.0E-03
+7.6900E+00,+209.1E-03
+7.7000E+00,+206.0E-03
+7.7100E+00,+209.1E-03
+7.7200E+00,+212.3E-03
+7.7300E+00,+215.4E-03
+7.7400E+00,+212.3E-03
+7.7500E+00,+215.4E-03
+7.7600E+00,+212.3E-03
+7.7700E+00,+215.4E-03
+7.7800E+00,+215.4E-03
+7.7900E+00,+209.1E-03
+7.8000E+00,+215.4E-03
+7.8100E+00,+215.4E-03
+7.8200E+00,+212.3E-03
+7.8300E+00,+212.3E-03
+7.8400E+00,+206.0E-03
+7.8500E+00,+209.1E-03
+7.8600E+00,+212.3E-03
+7.8700E+00,+212.3E-03
+7.8800E+00,+209.1E-03
+7.8900E+00,+206.0E-03
+7.9000E+00,+209.1E-03
+7.9100E+00,+212.3E-03
+7.9200E+00,+212.3E-03
+7.9300E+00,+209.1E-03
+7.9400E+00,+215.4E-03
+7.9500E+00,+215.4E-03
+7.9600E+00,+206.0E-03
+7.9700E+00,+209.1E-03
+7.9800E+00,+212.3E-03
+7.9900E+00,+206.0E-03
+8.0000E+00,+212.3E-03
+8.0100E+00,+212.3E-03
+8.0200E+00,+212.3E-03
+8.0300E+00,+212.3E-03
+8.0400E+00,+212.3E-03
+8.0500E+00,+212.3E-03
+8.0600E+00,+212.3E-03
+8.0700E+00,+212.3E-03
+8.0800E+00,+215.4E-03
+8.0900E+00,+215.4E-03
+8.1000E+00,+215.4E-03
+8.1100E+00,+212.3E-03
+8.1200E+00,+209.1E-03
+8.1300E+00,+215.4E-03
+8.1400E+00,+212.3E-03
+8.1500E+00,+206.0E-03
+8.1600E+00,+206.0E-03
+8.1700E+00,+212.3E-03
+8.1800E+00,+212.3E-03
+8.1900E+00,+212.3E-03
+8.2000E+00,+212.3E-03
+8.2100E+00,+209.1E-03
+8.2200E+00,+215.4E-03
+8.2300E+00,+212.3E-03
+8.2400E+00,+209.1E-03
+8.2500E+00,+212.3E-03
+8.2600E+00,+212.3E-03
+8.2700E+00,+206.0E-03
+8.2800E+00,+209.1E-03
+8.2900E+00,+212.3E-03
+8.3000E+00,+215.4E-03
+8.3100E+00,+212.3E-03
+8.3200E+00,+212.3E-03
+8.3300E+00,+212.3E-03
+8.3400E+00,+212.3E-03
+8.3500E+00,+206.0E-03
+8.3600E+00,+218.5E-03
+8.3700E+00,+212.3E-03
+8.3800E+00,+209.1E-03
+8.3900E+00,+215.4E-03
+8.4000E+00,+218.5E-03
+8.4100E+00,+209.1E-03
+8.4200E+00,+212.3E-03
+8.4300E+00,+212.3E-03
+8.4400E+00,+215.4E-03
+8.4500E+00,+215.4E-03
+8.4600E+00,+212.3E-03
+8.4700E+00,+212.3E-03
+8.4800E+00,+215.4E-03
+8.4900E+00,+212.3E-03
+8.5000E+00,+215.4E-03
+8.5100E+00,+212.3E-03
+8.5200E+00,+215.4E-03
+8.5300E+00,+215.4E-03
+8.5400E+00,+212.3E-03
+8.5500E+00,+212.3E-03
+8.5600E+00,+212.3E-03
+8.5700E+00,+212.3E-03
+8.5800E+00,+215.4E-03
+8.5900E+00,+209.1E-03
+8.6000E+00,+209.1E-03
+8.6100E+00,+212.3E-03
+8.6200E+00,+212.3E-03
+8.6300E+00,+212.3E-03
+8.6400E+00,+218.5E-03
+8.6500E+00,+215.4E-03
+8.6600E+00,+212.3E-03
+8.6700E+00,+212.3E-03
+8.6800E+00,+221.6E-03
+8.6900E+00,+212.3E-03
+8.7000E+00,+215.4E-03
+8.7100E+00,+212.3E-03
+8.7200E+00,+212.3E-03
+8.7300E+00,+206.0E-03
+8.7400E+00,+215.4E-03
+8.7500E+00,+209.1E-03
+8.7600E+00,+209.1E-03
+8.7700E+00,+212.3E-03
+8.7800E+00,+212.3E-03
+8.7900E+00,+215.4E-03
+8.8000E+00,+215.4E-03
+8.8100E+00,+212.3E-03
+8.8200E+00,+212.3E-03
+8.8300E+00,+218.5E-03
+8.8400E+00,+212.3E-03
+8.8500E+00,+215.4E-03
+8.8600E+00,+209.1E-03
+8.8700E+00,+209.1E-03
+8.8800E+00,+215.4E-03
+8.8900E+00,+215.4E-03
+8.9000E+00,+212.3E-03
+8.9100E+00,+215.4E-03
+8.9200E+00,+209.1E-03
+8.9300E+00,+212.3E-03
+8.9400E+00,+209.1E-03
+8.9500E+00,+212.3E-03
+8.9600E+00,+212.3E-03
+8.9700E+00,+209.1E-03
+8.9800E+00,+209.1E-03
+8.9900E+00,+212.3E-03
+9.0000E+00,+218.5E-03
+9.0100E+00,+209.1E-03
+9.0200E+00,+212.3E-03
+9.0300E+00,+212.3E-03
+9.0400E+00,+209.1E-03
+9.0500E+00,+212.3E-03
+9.0600E+00,+212.3E-03
+9.0700E+00,+209.1E-03
+9.0800E+00,+215.4E-03
+9.0900E+00,+212.3E-03
+9.1000E+00,+215.4E-03
+9.1100E+00,+209.1E-03
+9.1200E+00,+212.3E-03
+9.1300E+00,+215.4E-03
+9.1400E+00,+209.1E-03
+9.1500E+00,+212.3E-03
+9.1600E+00,+209.1E-03
+9.1700E+00,+212.3E-03
+9.1800E+00,+215.4E-03
+9.1900E+00,+209.1E-03
+9.2000E+00,+212.3E-03
+9.2100E+00,+215.4E-03
+9.2200E+00,+212.3E-03
+9.2300E+00,+215.4E-03
+9.2400E+00,+212.3E-03
+9.2500E+00,+209.1E-03
+9.2600E+00,+209.1E-03
+9.2700E+00,+209.1E-03
+9.2800E+00,+206.0E-03
+9.2900E+00,+209.1E-03
+9.3000E+00,+215.4E-03
+9.3100E+00,+212.3E-03
+9.3200E+00,+212.3E-03
+9.3300E+00,+212.3E-03
+9.3400E+00,+209.1E-03
+9.3500E+00,+212.3E-03
+9.3600E+00,+206.0E-03
+9.3700E+00,+215.4E-03
+9.3800E+00,+209.1E-03
+9.3900E+00,+209.1E-03
+9.4000E+00,+212.3E-03
+9.4100E+00,+209.1E-03
+9.4200E+00,+209.1E-03
+9.4300E+00,+209.1E-03
+9.4400E+00,+209.1E-03
+9.4500E+00,+212.3E-03
+9.4600E+00,+215.4E-03
+9.4700E+00,+212.3E-03
+9.4800E+00,+215.4E-03
+9.4900E+00,+209.1E-03
+9.5000E+00,+215.4E-03
+9.5100E+00,+212.3E-03
+9.5200E+00,+218.5E-03
+9.5300E+00,+209.1E-03
+9.5400E+00,+212.3E-03
+9.5500E+00,+209.1E-03
+9.5600E+00,+209.1E-03
+9.5700E+00,+212.3E-03
+9.5800E+00,+212.3E-03
+9.5900E+00,+215.4E-03
+9.6000E+00,+215.4E-03
+9.6100E+00,+212.3E-03
+9.6200E+00,+218.5E-03
+9.6300E+00,+212.3E-03
+9.6400E+00,+215.4E-03
+9.6500E+00,+212.3E-03
+9.6600E+00,+212.3E-03
+9.6700E+00,+209.1E-03
+9.6800E+00,+209.1E-03
+9.6900E+00,+215.4E-03
+9.7000E+00,+212.3E-03
+9.7100E+00,+215.4E-03
+9.7200E+00,+212.3E-03
+9.7300E+00,+215.4E-03
+9.7400E+00,+206.0E-03
+9.7500E+00,+209.1E-03
+9.7600E+00,+212.3E-03
+9.7700E+00,+212.3E-03
+9.7800E+00,+212.3E-03
+9.7900E+00,+209.1E-03
+9.8000E+00,+209.1E-03
+9.8100E+00,+218.5E-03
+9.8200E+00,+212.3E-03
+9.8300E+00,+212.3E-03
+9.8400E+00,+215.4E-03
+9.8500E+00,+212.3E-03
+9.8600E+00,+209.1E-03
+9.8700E+00,+209.1E-03
+9.8800E+00,+212.3E-03
+9.8900E+00,+206.0E-03
+9.9000E+00,+209.1E-03
+9.9100E+00,+206.0E-03
+9.9200E+00,+215.4E-03
+9.9300E+00,+215.4E-03
+9.9400E+00,+212.3E-03
+9.9500E+00,+212.3E-03
+9.9600E+00,+212.3E-03
+9.9700E+00,+209.1E-03
+9.9800E+00,+215.4E-03
+9.9900E+00,+218.5E-03
